smiles,scaffold,median_label,conf_interval_lower,conf_interval_upper,95%_conf_interval
O=C(O)c1cc(Oc2ccc(C(F)(F)F)cc2Cl)ccc1[N+](=O)[O-],C1CCC(CC2CCCCC2)CC1,4.222935971,4.1225286985,4.4685272527999995,0.3459985543
ClC1=C(Cl)[C@]2(Cl)[C@H]3[C@H](C4C=C[C@H]3C4)C1(Cl)C2(Cl)Cl,C1CC2CC1C1C3CCC(C3)C21,4.3549915345,4.1339350402,4.5324154403,0.3984804001
Nc1ccc([N+](=O)[O-])cc1O,C1CCCCC1,4.078568487,4.0587150497,4.1324483959,0.0737333462
Cc1cc(/N=N/c2ccccc2C)ccc1N,C1CCC(CCC2CCCCC2)CC1,4.7691617829999995,4.6465053183,5.0181201221,0.3716148039
CC(C)(c1ccc(O)cc1)c1ccc(O)cc1,C1CCC(CC2CCCCC2)CC1,4.1668962805,4.1053486259,4.2343162162,0.1289675903
CCC(C)c1cc([N+](=O)[O-])cc([N+](=O)[O-])c1O,C1CCCCC1,5.1046573644999995,4.8246750049,5.2358808767,0.4112058718
CCCCOC(=O)c1ccc(O)cc1,C1CCCCC1,4.249078867,4.018308557,4.4672623894,0.4489538323
CC(C)(C)c1cc(CO)cc(C(C)(C)C)c1O,C1CCCCC1,4.3875215015,4.1193365116,4.4623460886,0.343009577
O=C1C2CC=CCC2C(=O)N1SC(Cl)(Cl)Cl,CC1CC(C)C2CCCCC12,4.5267125765,4.4767571588,4.7228064104000005,0.2460492515
C[C@H](CCC(=O)O)[C@H]1CC[C@H]2[C@H]3[C@H](CC[C@@]21C)[C@@]1(C)CC[C@@H](O)C[C@H]1C[C@H]3O,C1CCC2C(C1)CCC1C3CCCC3CCC21,4.1657415825,4.1240165071,4.3297481431,0.205731636
CC(=O)O[C@]1(C(C)=O)CC[C@H]2[C@@H]3C=C(Cl)C4=CC(=O)CC[C@]4(C)[C@H]3CC[C@@]21C,CC1CCC2C(CCC3C4CCCC4CCC23)C1,4.170967314,4.1560813942,4.1810407157,0.0249593215
Nc1ccc(Oc2ccc(Cl)cc2)cc1,C1CCC(CC2CCCCC2)CC1,4.4032360535,3.9597943063,4.8231721624,0.8633778561
O=C1OC(O)C(C(Cl)Cl)=C1Cl,CC1CCCC1,4.14595088,4.0638189434,4.1702742251,0.1064552818
Cc1cccc(Nc2cc(Cl)nc(SCC(=O)O)n2)c1C,C1CCC(CC2CCCCC2)CC1,4.4353805925,4.2886407987999995,4.6144503763,0.3258095776
CN(C)CCC(c1ccc(Cl)cc1)c1ccccn1,C1CCC(CC2CCCCC2)CC1,4.2978621740000005,3.7148792889,4.5115640114,0.7966847225
c1ccc2sc(SNC3CCCCC3)nc2c1,C1CCC(CCC2CC3CCCCC3C2)CC1,4.2816591420000005,4.102436384,4.5054759366,0.4030395526
CC(=O)O[C@]1(C(C)=O)CC[C@H]2[C@@H]3C=C(Cl)C4=CC(=O)[C@@H]5C[C@@H]5[C@]4(C)[C@H]3CC[C@@]21C,CC1CC2CCC3C4CCCC4CCC3C2C2CC12,4.153065565,4.1073732153,4.1790706213,0.071697406
Clc1ccc(C(c2ccccc2Cl)C(Cl)Cl)cc1,C1CCC(CC2CCCCC2)CC1,4.2327161535,4.1393228047,4.4179527581,0.2786299533
Clc1ccc(C(c2ccc(Cl)cc2)C(Cl)(Cl)Cl)cc1,C1CCC(CC2CCCCC2)CC1,4.499033038,3.897940128,4.6471305295,0.7491904015
CN1C(=O)CN=C(c2ccccc2)c2cc(Cl)ccc21,CC1CCC(C2CCCCC2)C2CCCCC2C1,5.202087443,4.7131024317,5.597711161,0.8846087293
CC/C(=C(/CC)c1ccc(O)cc1)c1ccc(O)cc1,C1CCC(CCC2CCCCC2)CC1,4.342810271,4.1331538971,4.480698276,0.3475443789
Cc1c2ccccc2c(C)c2c1ccc1ccccc12,C1CCC2CC3C(CCC4CCCCC43)CC2C1,4.148831171,4.0897241939,4.1821114559,0.092387262
c1ccc(Nc2ccc(Nc3ccccc3)cc2)cc1,C1CCC(CC2CCC(CC3CCCCC3)CC2)CC1,4.8388421845,4.6656415947,5.0306356178,0.3649940232
O=C1NC(=O)C(c2ccccc2)(c2ccccc2)N1,CC1CC(C)C(C2CCCCC2)(C2CCCCC2)C1,4.212526467,3.8361460508,4.4610737598,0.624927709
C#C[C@]1(OC(C)=O)CC[C@H]2[C@@H]3CCC4=C[C@@H](OC(C)=O)CC[C@@H]4[C@H]3CC[C@@]21C,C1CCC2C(C1)CCC1C3CCCC3CCC21,4.453622384,4.4227260699999995,4.6893901719999995,0.266664102
CC1(C)[C@@H](O)CC[C@@]2(C)[C@H]1CC[C@]1(C)[C@@H]2C(=O)C=C2[C@@H]3C[C@@](C)(C(=O)O)CC[C@]3(C)CC[C@]21C,CC1CC2C3CCCCC3CCC2C2CCC3CCCCC3C12,4.466852,4.4274664592,4.5350547855,0.1075883263
COC1=CC(=O)C[C@@H](C)[C@]12Oc1c(Cl)c(OC)cc(OC)c1C2=O,CC1CCC2(CC1)CC1CCCCC1C2C,4.9049344035,4.6302500872,5.2874376309999995,0.6571875439
CCCCCCc1ccc(O)cc1O,C1CCCCC1,4.160221956,4.1219567592,4.1772627597,0.0553060005
COc1ccc2c(c1)c(CC(=O)O)c(C)n2C(=O)c1ccc(Cl)cc1,CC(C1CCCCC1)C1CCC2CCCCC21,4.153457133,4.059367562,4.3783302806,0.3189627186
O=c1c(O)c(-c2ccc(O)cc2)oc2cc(O)cc(O)c12,CC1CC(C2CCCCC2)CC2CCCCC12,4.5387680965,4.5097150105,4.5708171871,0.0611021766
O=C(O)c1nn(Cc2ccc(Cl)cc2Cl)c2ccccc12,C1CCC(CC2CCC3CCCCC32)CC1,4.265233168,3.5969100275,4.5238017181,0.9268916905
CC[C@H](C)C(=O)O[C@H]1C[C@@H](C)C=C2C=C[C@H](C)[C@H](CC[C@@H]3C[C@@H](O)CC(=O)O3)[C@H]21,CC1CCCC(CCC2CCCC3CCCCC32)C1,4.441521267,4.4032805676999995,4.4684302604,0.0651496927
COc1ccc(C(c2ccc(OC)cc2)C(Cl)(Cl)Cl)cc1,C1CCC(CC2CCCCC2)CC1,4.366354036,4.2042710247,4.4357800881,0.2315090634
CCCCC/C=C\C/C=C\CCCCCCCC(=O)OC,,4.4337275435,4.0985868201999995,4.7009735838,0.6023867636
Nc1ccc(Cc2ccc(N)c(Cl)c2)cc1Cl,C1CCC(CC2CCCCC2)CC1,4.476012874,4.3148261204,4.7039560971,0.3891299766
Cc1cc(Cc2ccc(N)c(C)c2)ccc1N,C1CCC(CC2CCCCC2)CC1,4.25241296,4.1491826315,4.4719508338,0.3227682023
CN(C)c1ccc(C(=O)c2ccc(N(C)C)cc2)cc1,CC(C1CCCCC1)C1CCCCC1,4.278391097,3.9048628936,4.4110623448999995,0.5061994513
CO[C@@]12[C@H](COC(N)=O)C3=C(C(=O)C(C)=C(N)C3=O)N1C[C@@H]1N[C@@H]12,CC1CCC(C)C2C1CC1C3CC3CC12,4.7603060095,4.5617443918,5.0848885662,0.5231441745
O=C1CN(/N=C/c2ccc([N+](=O)[O-])o2)C(=O)N1,CC1CC(C)C(CCC2CCCC2)C1,4.5345103315,4.4482827682,4.8339554014,0.3856726332
Oc1c(Cl)c(Cl)c(Cl)c(Cl)c1Cl,C1CCCCC1,4.582901015,4.462981141,4.6928147273,0.2298335862
Nc1ccc(/N=N/c2ccccc2)c(N)n1,C1CCC(CCC2CCCCC2)CC1,4.4639346555,4.3635677629,4.7874173578,0.423849595
N=C(N)NC(=N)NCCc1ccccc1,C1CCCCC1,4.506671569,4.2708802954,4.693649573,0.4227692776
O=C1OC(c2ccc(O)cc2)(c2ccc(O)cc2)c2ccccc21,CC1CC(C2CCCCC2)(C2CCCCC2)C2CCCCC12,4.149819528,4.1173680963,4.4274367574,0.3100686612
CCCCC1C(=O)N(c2ccccc2)N(c2ccccc2)C1=O,CC1CC(C)C(C2CCCCC2)C1C1CCCCC1,4.449734343,4.4134362938,4.4674153406,0.0539790468
CCCCCCCC[S+]([O-])C(C)Cc1ccc2c(c1)OCO2,C1CCC2CCCC2C1,4.3943473090000005,4.3014187698,4.4289388241,0.1275200543
O=C1CN=C(c2ccccc2)c2cc(Cl)ccc2N1CC1CC1,CC1CCC(C2CCCCC2)C2CCCCC2C1CC1CC1,4.47220447,4.4314836354,4.8024669548,0.3709833194
CC(CN1c2ccccc2Sc2ccccc21)N(C)C,C1CCC2CC3CCCCC3CC2C1,4.282501635,4.1939086074,4.3766113862000005,0.1827027788
COc1ccc(CN(CCN(C)C)c2ccccn2)cc1,C1CCC(CCC2CCCCC2)CC1,4.501878236,4.2596916243,4.6125259074,0.3528342831
Cc1cc(C(=C2C=CC(=N)C=C2)c2ccc(N)cc2)ccc1N,CC1CCC(C(C2CCCCC2)C2CCCCC2)CC1,5.5737503440000005,5.4735206654,5.6874454716,0.2139248062
C=C1CC[C@H](O)C/C1=C/C=C1\CCC[C@@]2(C)[C@H]1CC[C@@H]2[C@H](C)CC[C@@H](O)C(C)(C)O,CC1CCCCC1CCC1CCCC2CCCC21,4.653878704,4.5766215567,4.6790033232,0.1023817666
O=S(=O)(c1ccc(Cl)cc1)c1cc(Cl)c(Cl)cc1Cl,CC(C)(C1CCCCC1)C1CCCCC1,4.302823677,3.9890078485,4.545979251,0.5569714025
COP(=O)(OC)OC(=CCl)c1cc(Cl)c(Cl)cc1Cl,C1CCCCC1,4.526563952,4.4446608424,4.6314407006,0.1867798582
CCCCCc1cc(O)c2c(c1)OC(C)(C)[C@@H]1CCC(C)=C[C@@H]21,C1CCC2C(C1)CCC1CCCCC12,4.53049046,4.1637440313,4.7036584901000005,0.5399144587
CN(C)C(=S)SSC(=S)N(C)C,,4.140395096,4.1004389142,4.1716501713,0.071211257
CN(C)CCOc1ccc(/C(=C(/CCCl)c2ccccc2)c2ccccc2)cc1,C1CCC(CC(C2CCCCC2)C2CCCCC2)CC1,5.3244095705,4.9000737313,5.5916949884000005,0.6916212571
CCCN(CCC)c1c([N+](=O)[O-])cc(C(F)(F)F)cc1[N+](=O)[O-],C1CCCCC1,4.376563686,4.1211798261000006,4.503324808,0.382144982
C[C@H]1CCCC(=O)CCCC=Cc2cc(O)cc(O)c2C(=O)O1,CC1CCCCCC(C)C2CCCCC2CCCCC1,4.8506244485,4.4807255345,5.446878951,0.9661534165
CCCCCCCCCC(=O)O,,4.647274736,4.4462898482,4.8718161214,0.4255262732
CCCCCCCCCCCC(=O)O,,4.291035823,4.1605923921,4.5398208022999995,0.3792284102
CC1=CC(=O)c2ccccc2C1=O,CC1CCC(C)C2CCCCC12,4.177245447,4.1663677609,4.1827948675,0.0164271066
CCOC(=O)c1ccc(N)cc1,C1CCCCC1,4.275558041,4.1058208774,4.5011068666,0.3952859892
O=C(/C=C/C=C/c1ccc2c(c1)OCO2)N1CCCCC1,CC(CCCCC1CCC2CCCC2C1)C1CCCCC1,4.15656039,4.1168063674,4.3884665108,0.2716601433
Nc1ccc(Cl)c(Cl)c1,C1CCCCC1,4.8923753439999995,4.2347939753,5.4245560643,1.189762089
Nc1ccc(Br)cc1,C1CCCCC1,4.6638428555,4.381331424,5.0950435899999995,0.713712166
Oc1c(Br)cc(Br)cc1Br,C1CCCCC1,4.174279624,4.1237610734,4.3809242829,0.2571632096
Cc1cc([N+](=O)[O-])cc([N+](=O)[O-])c1O,C1CCCCC1,4.289058464,4.147056156,4.4051543595,0.2580982035
Oc1ccc(/N=N/c2ccccc2)cc1,C1CCC(CCC2CCCCC2)CC1,4.226957254,4.1353922577999995,4.3924072577,0.257015
N#Cc1cc(I)c(O)c(I)c1,C1CCCCC1,4.579647169,4.5340840492000005,4.6247309467,0.0906468976
CC(C)=CC1C(C(=O)OCc2coc(Cc3ccccc3)c2)C1(C)C,CC(CCC1CCC(CC2CCCCC2)C1)C1CC1,4.4346683055,4.1010551148,4.505787654,0.4047325392
CCc1cccc(CC)c1N(COC)C(=O)CCl,C1CCCCC1,4.1291561385,3.654901979,4.5224961519,0.8675941729
CCCCCCOc1ccc(N)cc1,C1CCCCC1,4.28964267,3.6417841268,4.5628181077,0.9210339808
CC1(C)C(C=C(Cl)Cl)C1C(=O)OCc1cccc(Oc2ccccc2)c1,CC(CCC1CCCC(CC2CCCCC2)C1)C1CC1,4.350251053,4.1351720416,4.5050047674,0.3698327258
O=c1c(-c2ccc(O)cc2)coc2cc(O)cc(O)c12,CC1C2CCCCC2CCC1C1CCCCC1,4.4720763455,4.4436163535999995,4.6284698409,0.1848534872
C[C@H]1CCC[C@H](O)CCCCCc2cc(O)cc(O)c2C(=O)O1,CC1CCCCCCCCCCCC2CCCCC12,4.3305369735,4.1378575497,4.4377551727,0.2998976231
C(=C(c1ccccc1)c1ccccc1)c1ccccc1,C1CCC(CC(C2CCCCC2)C2CCCCC2)CC1,4.9321632520000005,4.6814168319,5.1968150321,0.5153982002
Oc1ccc(C(c2ccc(O)cc2)C(Cl)(Cl)Cl)cc1,C1CCC(CC2CCCCC2)CC1,6.101508334,5.8914551258,6.2608379725,0.3693828467
Clc1ccc(C(c2ccccc2Cl)C(Cl)(Cl)Cl)cc1,C1CCC(CC2CCCCC2)CC1,4.237483314,3.5969100158,4.4165648996,0.8196548838
CC(=O)[C@H]1CC[C@H]2[C@@H]3CCC4=CC(=O)CC[C@]4(C)[C@H]3CC[C@]12C,CC1CCC2C(CCC3C4CCCC4CCC23)C1,4.1334439945,4.1024168833,4.1593072932999995,0.0568904099
O=c1cc(-c2ccc(O)cc2)oc2cc(O)cc(O)c12,CC1CC(C2CCCCC2)CC2CCCCC12,4.275916412,4.1503038897,4.5926712302,0.4423673404
O=C(CCc1ccc(O)cc1)c1c(O)cc(O)cc1O,CC(CCC1CCCCC1)C1CCCCC1,4.2495633485,4.15525072,4.3720384806000006,0.2167877606
COc1ccc(-c2coc3cc(O)cc(O)c3c2=O)cc1,CC1C2CCCCC2CCC1C1CCCCC1,4.1763354360000005,4.161022602,4.3515861215000005,0.1905635195
O=C(c1ccccc1)c1ccc(O)cc1O,CC(C1CCCCC1)C1CCCCC1,4.174207422,4.1193950614,4.4958689960000005,0.3764739346
CCCCOC(=O)c1ccc(N)cc1,C1CCCCC1,4.8179431575,4.538681813,5.117896217,0.579214404
O=C(c1ccc(O)cc1)c1ccc(O)cc1,CC(C1CCCCC1)C1CCCCC1,4.1800251710000005,4.099740208,4.4930107584000005,0.3932705504
CC(Cc1ccc(O)c(O)c1)C(C)Cc1ccc(O)c(O)c1,C1CCC(CCCCC2CCCCC2)CC1,4.1659015695,4.1391299659000005,4.18019407,0.0410641041
CCC(C)(c1ccc(O)cc1)c1ccc(O)cc1,C1CCC(CC2CCCCC2)CC1,4.849649796,4.7029032835999995,4.9616343053000005,0.2587310216
Oc1ccc(C(=C(Cl)Cl)c2ccc(O)cc2)cc1,CC(C1CCCCC1)C1CCCCC1,4.5848755755,4.4051001739,4.610246453,0.2051462791
CCCCCCCOC(=O)c1ccc(O)cc1,C1CCCCC1,4.171900396,4.1443139813,4.304582868,0.1602688867
O=C(OCc1ccccc1)c1ccc(O)cc1,CC(CCC1CCCCC1)C1CCCCC1,4.145595413,4.1035428186,4.1717466424000005,0.0682038238
CC(C)(c1ccccc1)c1ccc(O)cc1,C1CCC(CC2CCCCC2)CC1,4.5182785635,4.3998172837,4.6661864995,0.2663692158
CCC1(c2ccc(N)cc2)CCC(=O)NC1=O,CC1CCC(C2CCCCC2)C(C)C1,4.500603054,4.2618295228,4.5903885489,0.328559026
Clc1ccc2c(c1)C(N1CCNCC1)=Nc1ccccc1O2,C1CCC(C2CC3CCCCC3CC3CCCCC32)CC1,4.642368112,4.3436891268,4.8909505961,0.5472614692
C[C@](O)(CS(=O)(=O)c1ccc(F)cc1)C(=O)Nc1ccc(C#N)c(C(F)(F)F)c1,CC(CCC(C)(C)C1CCCCC1)CC1CCCCC1,4.487900691,4.428967402,4.6062841136,0.1773167116
CC(=O)Oc1ccc(C(c2ccc(OC(C)=O)cc2)c2ccccn2)cc1,C1CCC(C(C2CCCCC2)C2CCCCC2)CC1,4.539018889,4.452373555,4.6482350963000005,0.1958615412
CCN(CC)CCOCCOC(=O)C1(c2ccccc2)CCCC1,C1CCC(C2CCCC2)CC1,4.4655768895,4.4392016829,4.5509485323,0.1117468494
Oc1c(I)cc(Cl)c2cccnc12,C1CCC2CCCCC2C1,4.4724526495,4.4062117417,4.7185530847,0.312341343
CCN(CC)CCOc1ccc(C(=C(Cl)c2ccccc2)c2ccccc2)cc1,C1CCC(CC(C2CCCCC2)C2CCCCC2)CC1,5.713624787,5.4102271093,6.1912271226,0.7810000132
CN(C)CCCN1c2ccccc2CCc2ccc(Cl)cc21,C1CCC2CC3CCCCC3CCC2C1,4.526643494,3.897940013,4.6205598005,0.7226197875
C#C[C@]1(O)CC[C@H]2[C@@H]3CCC4=Cc5oncc5C[C@]4(C)[C@H]3CC[C@@]21C,C1CC2CC3CCC4C5CCCC5CCC4C3CC2C1,4.454020644,4.4300365592999995,4.4705627173,0.040526158
COc1ccc([C@@H]2Sc3ccccc3N(CCN(C)C)C(=O)[C@@H]2OC(C)=O)cc1,CC1CC2CCCCC2CC(C2CCCCC2)C1,4.4860412915,3.8979400175,4.8014330692,0.9034930518
CN(C)CCOC(c1ccccc1)c1ccccc1,C1CCC(CC2CCCCC2)CC1,4.5013058195,4.3960124986,4.6393998643,0.2433873656
CC[C@H]1CN2CCc3cc(OC)c(OC)cc3[C@@H]2C[C@@H]1C[C@H]1NCCc2cc(OC)c(OC)cc21,C1CCC2C(C1)CCCC2CC1CCC2CCC3CCCCC3C2C1,5.1555918965,4.8709123959,5.2849823839,0.414069988
CCc1cc2c(s1)-n1c(C)nnc1CN=C2c1ccccc1Cl,C1CCC(C2CCC3CCCC3C3CCCC23)CC1,4.594666345,4.1606605186,4.8405922728,0.6799317543
O=C(O)Cc1sc(-c2ccccc2)nc1-c1ccc(Cl)cc1,C1CCC(C2CCC(C3CCCCC3)C2)CC1,4.5392977519999995,3.9706256406,5.33548284,1.3648571994
O=C(O)c1ccccc1Nc1cccc(C(F)(F)F)c1,C1CCC(CC2CCCCC2)CC1,4.448779476,4.3821791217,4.5183889275,0.1362098057
CCN(CC)CCNc1ccc(CO)c2sc3ccccc3c(=O)c12,CC1C2CCCCC2CC2CCCCC21,4.469766334,4.4162532697,4.4826251221,0.0663718525
Oc1c(I)cc(I)c2cccnc12,C1CCC2CCCCC2C1,4.469230572,4.4245358299,4.9451948059,0.520658976
CCC(Cc1c(I)cc(I)c(N)c1I)C(=O)O,C1CCCCC1,4.372599386,4.2347029815,4.4408514585,0.2061484769
CCOC(=O)N1CCC(=C2c3ccc(Cl)cc3CCc3cccnc32)CC1,C1CCC(C2C3CCCCC3CCC3CCCCC32)CC1,4.5360575305,4.4386334728,4.5874116986,0.1487782258
CN1C(=O)CC(C)(c2ccccc2)C1=O,CC1CC(C)C(C2CCCCC2)C1,4.761602537,4.432231029,5.1514374918,0.7192064628
CC#C[C@]1(O)CC[C@H]2[C@@H]3CCC4=CC(=O)CCC4=C3[C@@H](c3ccc(N(C)C)cc3)C[C@@]21C,CC1CCC2C(CCC3C4CCCC4CC(C4CCCCC4)C23)C1,4.944644687,4.7635793172,5.2493416039,0.4857622867
COc1c(C)c2c(c(O)c1C/C=C(\C)CCC(=O)OCCN1CCOCC1)C(=O)OC2,CC(CCCC1CCCCC1)CCCCCC1CCC2CCC(C)C2C1,6.697605701,6.5560151338,6.9885341359,0.4325190021
COC(=O)C1=C(C)NC(C)=C(C(=O)OCCN(C)Cc2ccccc2)C1c1cccc([N+](=O)[O-])c1,CC(CCCCCC1CCCCC1)C1CCCCC1C1CCCCC1,4.503561728,4.4485412161,4.5740184590999995,0.1254772429
COC(=O)C1=C(C)NC(C)=C(C(=O)OCC(C)C)C1c1ccccc1[N+](=O)[O-],C1CCC(C2CCCCC2)CC1,4.630368596,4.1438027984,5.0385710518,0.8947682534
Fc1ccc([C@@H]2CCNC[C@H]2COc2ccc3c(c2)OCO3)cc1,C1CCC(C2CCCCC2CCC2CCC3CCCC3C2)CC1,4.508198667,4.1722613723999995,4.7361033979,0.5638420254
CC(CN1c2ccccc2Sc2ccccc21)N(C)C,C1CCC2CC3CCCCC3CC2C1,4.50524855,3.897940014,4.6837238881,0.7857838741
CN(CCOc1ccc(CC2SC(=O)NC2=O)cc1)c1ccccn1,CC1CC(C)C(CC2CCC(CCCCC3CCCCC3)CC2)C1,4.365866405,4.1294945544,4.5012644326,0.3717698782
CCC(C)(C)C(=O)O[C@H]1C[C@@H](C)C=C2C=C[C@H](C)[C@H](CC[C@@H]3C[C@@H](O)CC(=O)O3)[C@H]21,CC1CCCC(CCC2CCCC3CCCCC32)C1,4.146799358,4.1232365993,4.1674877707,0.0442511715
CC(C)=CCOc1ccc(/C=C/C(=O)c2ccc(OCC=C(C)C)cc2OCC(=O)O)cc1,CC(CCC1CCCCC1)C1CCCCC1,4.5954055794999995,4.5075130696,4.7373311756,0.2298181059
O=C1CSC2(CCN(CCCN3c4ccccc4Sc4ccc(Cl)cc43)CC2)N1,CC1CCC2(CCC(CCCC3C4CCCCC4CC4CCCCC43)CC2)C1,4.513604559,4.4775578329000005,4.6030067736,0.1254489407
CSc1ccc2c(c1)N(CCC1CCCCN1C)c1ccccc1S2,C1CCC(CCC2C3CCCCC3CC3CCCCC32)CC1,4.5372769825,4.4407138989,4.6413097557,0.2005958567
CN1CCN(CCC=C2c3ccccc3Sc3ccc(S(=O)(=O)N(C)C)cc32)CC1,C1CCC(CCCC2C3CCCCC3CC3CCCCC32)CC1,4.4572446115,4.4035329228,4.5948316276,0.1912987048
O=C(CCCN1CCC(n2c(=S)[nH]c3ccccc32)CC1)c1ccc(F)cc1,CC(CCCC1CCC(C2C(C)CC3CCCCC32)CC1)C1CCCCC1,4.661065581,4.2997170082,5.2667288333,0.9670118251
Cc1ccc(C(=O)c2cc(O)c(O)c([N+](=O)[O-])c2)cc1,CC(C1CCCCC1)C1CCCCC1,4.5838751525,4.3330941123999995,4.7039293108999995,0.3708351985
Cc1c(C)c2c(c(C)c1O)CCC(C)(COc1ccc(CC3SC(=O)NC3=O)cc1)O2,CC1CC(C)C(CC2CCC(CCC3CCC4CCCCC4C3)CC2)C1,4.1754858605,4.1461225346,4.4083745541,0.2622520194
COc1cc(C(=O)NS(=O)(=O)c2ccccc2C)ccc1Cc1cn(C)c2ccc(NC(=O)OC3CCCC3)cc12,CC(CC1CCCC1)CC1CCC2CCC(CC3CCC(C(C)CC(C)(C)C4CCCCC4)CC3)C2C1,4.9480088115,4.7338692276,5.0452445233,0.3113752958
O=C1Cc2cc(CCN3CCN(c4nsc5ccccc45)CC3)c(Cl)cc2N1,CC1CC2CCC(CCC3CCC(C4CCC5CCCCC54)CC3)CC2C1,4.520760198,4.3950325038999996,4.6144019584,0.2193694545
CN(C)CCOC1=Cc2ccccc2Sc2ccc(Cl)cc21,C1CCC2CC3CCCCC3CCC2C1,4.5749273305,4.1560440457,4.7464705375000005,0.5904264917
N=C(N)c1ccc(OCCCCCOc2ccc(C(=N)N)cc2)cc1,C(CCCC1CCCCC1)CCCC1CCCCC1,4.76116351,4.4581787215999995,5.1929670364,0.7347883148
CCOCN(C(=O)CCl)c1c(C)cccc1CC,C1CCCCC1,4.3096031759999995,4.0918146114,4.4366363632,0.3448217518
O=C(O)c1cc(Oc2ccc(C(F)(F)F)cc2Cl)ccc1[N+](=O)[O-],C1CCC(CC2CCCCC2)CC1,4.321793448,4.1493045405,4.506857406,0.3575528655
CCCCN(CCCC)SN(C)C(=O)Oc1cccc2c1OC(C)(C)C2,C1CCC2CCCC2C1,4.49271318,4.3139274688,4.7987966583,0.4848691895
CC1(C)[C@H](/C=C(\Cl)C(F)(F)F)[C@@H]1C(=O)O[C@H](C#N)c1cccc(Oc2ccccc2)c1,CC(CCC1CCCC(CC2CCCCC2)C1)C1CC1,4.64222451,4.2709108749,4.9638779146,0.6929670396
CC1(C)C(C(=O)OC(C#N)c2cccc(Oc3ccccc3)c2)C1(C)C,CC(CCC1CCCC(CC2CCCCC2)C1)C1CC1,4.32117139,4.1921956407,4.5068890202,0.3146933795
CCOP(=O)(OCC)Oc1ccc([N+](=O)[O-])cc1,C1CCCCC1,4.4624782305,4.2090613601,4.8580844584000005,0.6490230983
Cn1c(-c2ccccc2)cc(-c2ccccc2)[n+]1C,C1CCC(C2CCC(C3CCCCC3)C2)CC1,4.329590546,3.5969100371,4.5062584463,0.9093484092
CS(=O)(=O)NC(=O)c1cc(Oc2ccc(C(F)(F)F)cc2Cl)ccc1[N+](=O)[O-],C1CCC(CC2CCCCC2)CC1,4.478343821,3.9706878725,4.9617677522,0.9910798797
COC(=O)C(C)Oc1ccc(Oc2ncc(C(F)(F)F)cc2Cl)cc1,C1CCC(CC2CCCCC2)CC1,4.322061311,3.692350354,4.568814566,0.876464212
ClC1=C(Cl)C2(Cl)C3C4OC4C(Cl)C3C1(Cl)C2(Cl)Cl,C1CC2CC1C1CC3CC3C21,4.1510372449999995,4.1258648884,4.1762620342000005,0.0503971458
CCCN(CCC)c1c([N+](=O)[O-])cc(C(C)C)cc1[N+](=O)[O-],C1CCCCC1,4.260889184,3.9342507756,4.4888201448,0.5545693692
CCC(C)(CC)c1cc(NC(=O)c2c(OC)cccc2OC)on1,CC(CC1CCCC1)C1CCCCC1,4.220742288,4.1717411433,4.4533221719,0.2815810286
CCOC(=O)C(C)OC(=O)c1cc(Oc2ccc(C(F)(F)F)cc2Cl)ccc1[N+](=O)[O-],C1CCC(CC2CCCCC2)CC1,4.480922329,4.1384226374,4.6722420811,0.5338194437
CC(C)Oc1cc(-n2nc(C(C)(C)C)oc2=O)c(Cl)cc1Cl,CC1CCCC1C1CCCCC1,4.281059598,4.2060074493999995,4.4351608802,0.2291534307
CCC(CC)Nc1c([N+](=O)[O-])cc(C)c(C)c1[N+](=O)[O-],C1CCCCC1,4.4519366445,4.1106890486,4.5181470525,0.4074580039
CCCN(CCOc1c(Cl)cc(Cl)cc1Cl)C(=O)n1ccnc1,CC(CCCCC1CCCCC1)C1CCCC1,4.3407929785,4.1493771235,4.5168177771,0.3674406536
CSc1nc(NC(C)C)nc(NC(C)C)n1,C1CCCCC1,4.379192077,4.1648412146,4.5045393215,0.3396981069
CC(C)N(C(=O)CCl)c1ccccc1,C1CCCCC1,4.6655558475,4.5704006504,4.7389077153,0.1685070648
C#CCOS(=O)OC1CCCCC1Oc1ccc(C(C)(C)C)cc1,C1CCC(CC2CCCCC2)CC1,5.379476171,5.1094952263,5.5461765545,0.4366813282
CCCC1COC(Cn2cncn2)(c2ccc(Cl)cc2Cl)O1,C1CCC(C2(CC3CCCC3)CCCC2)CC1,4.1438413905,4.0942084334,4.1733620282,0.0791535948
C[C@H]1[C@H](c2ccc(Cl)cc2)SC(=O)N1C(=O)NC1CCCCC1,CC(CC1CCCCC1)C1CC(C2CCCCC2)CC1C,4.4133787185,4.2230558825,4.4617154202,0.2386595377
Oc1cc(Cl)c(Cl)cc1Cl,C1CCCCC1,4.136086801,4.0869525849,4.1727111639,0.085758579
Nc1ccc(/N=N/c2ccccc2)cc1,C1CCC(CCC2CCCCC2)CC1,4.4286999265,4.3975076885,4.4497306498,0.0522229614
Nc1cc(Cl)c([N+](=O)[O-])cc1O,C1CCCCC1,4.1623239535,4.1286871374,4.5049293923,0.3762422549
COc1ccc2cc3[n+](cc2c1OC)CCc1cc2c(cc1-3)OCO2,C1CCC2CC3C(CCC4CC5CCCC5CC43)CC2C1,4.6718443135,4.4659281491,5.0305828203,0.5646546712
CC(C)(c1ccc(OCC2CO2)cc1)c1ccc(OCC2CO2)cc1,C1CC1CCC1CCC(CC2CCC(CCC3CC3)CC2)CC1,4.168540552,4.0667335561,4.4682812439,0.4015476879
CC(C)(C)c1ccc(O)c(O)c1,C1CCCCC1,4.2394209709999995,4.1203649069,4.3446600659,0.2242951589
CN(C)CCCN1c2ccccc2Sc2ccc(Cl)cc21,C1CCC2CC3CCCCC3CC2C1,4.2730055725,4.221672735,4.4355213923,0.2138486573
CN1CSC(=S)N(C)C1,CC1CCCCC1,4.428747528,4.009139406,5.318107491,1.308968085
CCCCC/C=C/C=C/C=O,,4.314119336,4.2645951065,4.4674307550000005,0.2028356485
O=S(=O)(c1ccc(Cl)cc1)c1ccc(Cl)cc1,CC(C)(C1CCCCC1)C1CCCCC1,3.5969100305,3.596910014,3.6798053564,0.0828953424
Oc1cc(Cl)cc(Cl)c1,C1CCCCC1,4.1396049,4.0626943581,4.1772701593,0.1145758012
O=C(OC1CCCCC1)c1ccccc1C(=O)OC1CCCCC1,CC(CC1CCCCC1)C1CCCCC1C(C)CC1CCCCC1,4.273895983,4.1642810318,4.3225776579,0.1582966262
C=CC(=O)OCCOCCOC(=O)C=C,,4.165757121,4.1203485869000005,4.1795529347,0.0592043478
Cc1ccc([N+](=O)[O-])cc1C,C1CCCCC1,4.3786741825,4.1106055916,4.549837395,0.4392318034
CCCCCCCCC/C=C/CC1CC(=O)OC1=O,CC1CCC(C)C1,4.5770696235,4.305906131,4.6812978803,0.3753917493
CC[n+]1c(-c2ccccc2)c2cc(N)ccc2c2ccc(N)cc21,C1CCC(C2CC3CCCCC3C3CCCCC23)CC1,4.591407832,4.5083464842000005,4.6369719354,0.1286254512
CCCCC(CC)COC(=O)C(C#N)=C(c1ccccc1)c1ccccc1,CC(C1CCCCC1)C1CCCCC1,4.527589184,4.4463435121,4.6664645202,0.2201210081
CC/C=C/C/C=C/C/C=C/CCCCCCCC(=O)OCC,,4.189480343,4.0582940044,4.4044812254,0.3461872209
O=C1OC2(c3ccc(O)cc3Oc3cc(O)ccc32)c2ccccc21,CC1CC2(C3CCCCC3CC3CCCCC32)C2CCCCC12,4.713808259,4.3459825233,5.1362069715,0.7902244483
Oc1ccc2cc(SSc3ccc4cc(O)ccc4c3)ccc2c1,C1CCC2CC(CCC3CCC4CCCCC4C3)CCC2C1,4.2687978215,4.2358012793,4.4233444798,0.1875432005
Oc1cccc(Nc2ccccc2)c1,C1CCC(CC2CCCCC2)CC1,4.161095626,4.0950948819,4.3052109051,0.2101160232
CCCCC/C=C\C/C=C\CCCCCCCC(=O)O,,4.2662001625,4.0319438728999994,4.4347928819,0.4028490089
CN1CCC(CN2c3ccccc3Sc3ccccc32)C1,C1CCC(CC2C3CCCCC3CC3CCCCC32)C1,4.511171528,4.2448045755,4.699850172,0.4550455965
Cc1cc([N+](=O)[O-])ccc1N,C1CCCCC1,4.3401210635,4.1457833822,4.5502418639,0.4044584817
CCCCC(CC)COC(=O)c1ccccc1C(=O)O,C1CCCCC1,4.443051231,3.9289681356,4.4850952917,0.556127156
CCCCCCCCOc1ccc(C(=O)O)cc1,C1CCCCC1,4.4755910475,4.2919701787,4.5235145297,0.231544351
CCCCCCCC/C=C\CCCCCCCC(=O)O,,4.504456428,4.4399140107,4.64903379,0.2091197792
CCCCCc1cc(O)cc(O)c1,C1CCCCC1,4.157235162,4.1239961434,4.2324194878,0.1084233444
BrC(Br)C(Br)(Br)Br,,4.319717594,4.1472902051,4.4855922428,0.3383020377
Nc1ccccc1C(=O)OCCc1ccccc1,CC(CCCC1CCCCC1)C1CCCCC1,4.397968541,4.1983288725,4.5155825737,0.3172537013
CC(C)(C)C(=O)C1C(=O)c2ccccc2C1=O,CC1CC(C)C2CCCCC12,4.314850032,4.2364115011,4.4685596301,0.2321481291
CC(C)(c1cc(Br)c(O)c(Br)c1)c1cc(Br)c(O)c(Br)c1,C1CCC(CC2CCCCC2)CC1,4.4941120485,4.442139527,4.5791993857,0.1370598587
Oc1c(Cl)c(Cl)cc(Cl)c1Cl,C1CCCCC1,4.652375974,4.4850031064,4.8462799931,0.3612768867
C=CC(=O)OCCOCCOCCOCCOC(=O)C=C,,4.167414811,4.1472627204000005,4.1805775458,0.0333148254
Oc1ccc(Cl)c(Cl)c1Cl,C1CCCCC1,4.144807706,4.1051609465,4.1712704879,0.0661095414
Oc1cc(Cl)cc(Cl)c1Cl,C1CCCCC1,4.508341335,4.1166534314,4.5865021032,0.4698486719
O=P(OC(CCl)CCl)(OC(CCl)CCl)OC(CCl)CCl,,4.201475675,4.1190299642,4.4045345065,0.2855045423
Cc1cc(C2(c3cc(C)c(O)cc3C)OS(=O)(=O)c3ccccc32)c(C)cc1O,CC1(C)CC(C2CCCCC2)(C2CCCCC2)C2CCCCC21,4.2456177665,3.6309886806,4.5063608199,0.8753721392
Nc1ccc2c(O)cc(S(=O)(=O)O)cc2c1,C1CCC2CCCCC2C1,4.2821217570000005,3.7882798541,4.7157427202,0.9274628661
C1CN(SSN2CCOCC2)CCO1,C1CCC(CCC2CCCCC2)CC1,4.290969006,4.1470606608,4.5048777068,0.357817046
CC(C)CC(C)(O)C#CC(C)(O)CC(C)C,,4.500493624,4.2066086991,5.155077789,0.9484690899
CCCCC(CC)COC(=O)/C=C\C(=O)OCC(CC)CCCC,,4.5244833589999995,4.038306831,4.9019511719,0.8636443409
O=[N+]([O-])c1ccc(Nc2ccccc2)cc1,C1CCC(CC2CCCCC2)CC1,4.2797435749999995,4.2026130627,4.4885859368,0.2859728741
CCCCC(CC)COP(=O)(O)O,,4.336343275,4.2360116107,4.4968216233,0.2608100126
CCCCCCC(C)Nc1ccc(Nc2ccccc2)cc1,C1CCC(CC2CCCCC2)CC1,4.3625722955,4.2455328826,4.4910874474,0.2455545649
N#Cc1nc(Cl)c(Cl)c(Cl)c1Cl,C1CCCCC1,4.441986091,4.4080859661,4.4851125276,0.0770265616
CCCCCCCCCCC=CC1CC(=O)OC1=O,CC1CCC(C)C1,4.4778735224999995,4.2756721236,4.5245176304,0.2488455069
C=CC(=O)OCC(C)OCC(C)OCC(C)OC(=O)C=C,,4.144108678,4.0615604208,4.1740807522,0.1125203314
CC(C)CCCCOC(=O)c1ccccc1C(=O)OCCCCC(C)C,C1CCCCC1,4.43143594,4.0259429228000005,4.9747856768,0.9488427539
Oc1ccc(-c2ccc(O)cc2)cc1,C1CCC(C2CCCCC2)CC1,4.15659166,4.060154385,4.175974099,0.115819714
CC(C)OC(=O)C(C)(C)Oc1ccc(C(=O)c2ccc(Cl)cc2)cc1,CC(C1CCCCC1)C1CCCCC1,4.4555725355,4.2174440793,4.525539566,0.3080954867
Brc1ccc(Oc2ccc(Br)cc2Br)c(Br)c1,C1CCC(CC2CCCCC2)CC1,4.1677638265,4.0938024144,4.4009391161,0.3071367018
Nc1ccccc1-c1ccccc1,C1CCC(C2CCCCC2)CC1,4.65599955,4.370453347,5.3236170185,0.9531636715
Oc1ccc(/C=C/c2cc(O)cc(O)c2)cc1,C1CCC(CCC2CCCCC2)CC1,4.40923775,4.1554648675,4.5017804519,0.3463155844
CC(C)C(=O)Nc1ccc([N+](=O)[O-])c(C(F)(F)F)c1,C1CCCCC1,4.3028686745,4.1543314901,4.4989824861,0.344650996
CC1=C(C=C/C(C)=C/C=C/C(C)=C/C(=O)Nc2ccc(O)cc2)C(C)(C)CCC1,CC(CC1CCCCC1)CCCCCCCCC1CCCCC1,4.847476996,4.5137036413,5.2788388553,0.7651352141
CC(C)(C)C(O)(CCc1ccc(Cl)cc1)Cn1cncn1,C1CCC(CCCCC2CCCC2)CC1,4.139492638,4.0998524927,4.1694789353,0.0696264427
Cc1ccccc1OP(=O)(Oc1ccccc1C)Oc1ccccc1C,CC(CC1CCCCC1)(CC1CCCCC1)CC1CCCCC1,4.4720618084999995,4.1165767947,4.5756649961,0.4590882014
CCCCCCCCn1sc(Cl)c(Cl)c1=O,CC1CCCC1,4.4547980979999995,4.1058062077,4.6921998785,0.5863936708
CC(C)OP(=S)(OC(C)C)SCCNS(=O)(=O)c1ccccc1,C1CCCCC1,4.1630124175,4.1160433407,4.3966336278,0.2805902871
C#CCOC(=O)[C@@H](C)Oc1ccc(Oc2ncc(Cl)cc2F)cc1,C1CCC(CC2CCCCC2)CC1,4.981104387,4.6570917803,5.5261478472,0.8690560669
CC1COC(Cn2cncn2)(c2ccc(Oc3ccc(Cl)cc3)cc2Cl)O1,C1CCC(CC2CCC(C3(CC4CCCC4)CCCC3)CC2)CC1,4.4589979,4.3587224722,4.5713090997000005,0.2125866275
COCC(C)N(C(=O)CCl)c1c(C)csc1C,C1CCCC1,4.4704223865,4.3520467383,4.6243866539,0.2723399156
CSC(=O)c1c(C(F)F)nc(C(F)(F)F)c(C(=O)SC)c1CC(C)C,C1CCCCC1,4.157572571,4.1306331283999995,4.1772304076,0.0465972792
OC(c1ccc(Cl)cc1)(c1cncnc1)c1ccccc1Cl,C1CCC(C(C2CCCCC2)C2CCCCC2)CC1,4.4983397235,4.3794597478,4.5470344111,0.1675746633
CCOC(=O)C(C)Oc1ccc(Oc2nc3ccc(Cl)cc3o2)cc1,C1CCC(CC2CC3CCCCC3C2)CC1,4.5096339565,4.2728718314,4.6372356735,0.3643638421
CCOC(=O)NCCOc1ccc(Oc2ccccc2)cc1,C1CCC(CC2CCCCC2)CC1,4.3943884104999995,4.2773491984,4.5483806329,0.2710314345
COP(=S)(OC)Oc1ccc(Sc2ccc(OP(=S)(OC)OC)cc2)cc1,C1CCC(CC2CCCCC2)CC1,4.3927107705,4.1975222216,4.5915579008,0.3940356792
COc1ccc(-c2ccccc2)cc1NNC(=O)OC(C)C,C1CCC(C2CCCCC2)CC1,4.2477233645000005,4.0041018987,4.5262932418999995,0.5221913433
N#CC(CCc1ccc(Cl)cc1)(Cn1cncn1)c1ccccc1,C1CCC(CCC(CC2CCCC2)C2CCCCC2)CC1,4.3605754765,4.0963910075,4.6871871665,0.5907961591
CC1(C(=O)Nc2ccc(O)c(Cl)c2Cl)CCCCC1,CC(CC1CCCCC1)C1CCCCC1,4.150667017,4.1080396999,4.174410808,0.0663711081
Cc1nn(C)c(Oc2ccccc2)c1/C=N/OCc1ccc(C(=O)OC(C)(C)C)cc1,C1CCC(CCCCC2CCCC2CC2CCCCC2)CC1,4.3442965104999995,4.1504363535,4.4325900457,0.2821536922
CCN(Cc1c(F)cccc1Cl)c1c([N+](=O)[O-])cc(C(F)(F)F)cc1[N+](=O)[O-],C1CCC(CCC2CCCCC2)CC1,4.433980179,4.2684065648,4.6055703217,0.3371637568
CO/N=C(/C(=O)OC)c1ccccc1COc1ccccc1C,C1CCC(CCC2CCCCC2)CC1,4.5533694485,4.3750219871,4.8078883509,0.4328663638
CC1(C)[C@@H](/C=C(\Cl)C(F)(F)F)[C@H]1C(=O)O[C@H](C#N)c1cccc(Oc2ccccc2)c1,CC(CCC1CCCC(CC2CCCCC2)C1)C1CC1,4.7447033990000005,4.5660821532,5.098335674,0.5322535208
C#CCC1=C(C)[C@H](OC(=O)[C@H]2[C@H](C=C(C)C)C2(C)C)CC1=O,CC1CCC(CC(C)C2CC2)C1,4.1719243925,4.1353178831,4.4415357795,0.3062178964
CC(C)(C)c1ccc(CSc2cnn(C(C)(C)C)c(=O)c2Cl)cc1,CC1CCCC(CCC2CCCCC2)C1,4.719624511,4.5595613757999995,4.8654911294000005,0.3059297537
CCC(C)(NC(=O)c1cc(Cl)c(C)c(Cl)c1)C(=O)CCl,C1CCCCC1,4.575956748,4.3758983089,4.6121041518000006,0.2362058429
O=C(O)C1(C(=O)Nc2ccc(Cl)cc2Cl)CC1,CC(CC1CCCCC1)C1CC1,4.5663055319999994,4.4938633687,4.8426895995,0.3488262308
CCCN(CCCl)c1c([N+](=O)[O-])cc(C(F)(F)F)cc1[N+](=O)[O-],C1CCCCC1,4.222824384,4.1268420335,4.4652361198,0.3383940863
COC(=O)N(OC)c1ccccc1COc1ccn(-c2ccc(Cl)cc2)n1,C1CCC(CCC2CCC(C3CCCCC3)C2)CC1,4.370864607,4.0894979557,4.5504070500000005,0.4609090942
CC(COc1ccc(Oc2ccccc2)cc1)Oc1ccccn1,C1CCC(CCCCC2CCC(CC3CCCCC3)CC2)CC1,4.299838311,3.8957303976,4.5658718466,0.670141449
O=C(Nc1ccccc1)Nc1cnns1,CC(CC1CCCCC1)CC1CCCC1,4.541157326,4.1416619798,4.6664605556000005,0.5247985758
O=c1[nH]c(=O)n([C@H]2C[C@H](O)[C@@H](CO)O2)cc1Br,CC1CCC(C2CCCC2)C(C)C1,4.4586659730000004,4.1559527002,4.5789045497,0.4229518495
O=C(O)c1cc(/N=N/c2ccc([N+](=O)[O-])cc2)ccc1O,C1CCC(CCC2CCCCC2)CC1,4.1665309005,4.1141316435,4.3848987943,0.2707671508
CN(C)CCC=C1c2ccccc2CCc2ccccc21,CC1C2CCCCC2CCC2CCCCC21,4.4459255795,4.3888207362,4.4956559697,0.1068352335
C[C@H](CCC(=O)O)[C@H]1CC[C@H]2[C@@H]3CC[C@@H]4C[C@H](O)CC[C@]4(C)[C@H]3C[C@H](O)[C@@]21C,C1CCC2C(C1)CCC1C3CCCC3CCC21,4.167418168,4.1407081504,4.3565662983,0.2158581479
C/C=C1/C(=O)C[C@H]2[C@@H]3CCC4=CC(=O)CC[C@]4(C)[C@H]3CC[C@]12C,CC1CCC2C(CCC3C2CCC2C3CC(C)C2C)C1,4.400262476,4.0677690404,4.6111337292000005,0.5433646887
C/C=C1\C(=O)C[C@H]2[C@@H]3CCC4=CC(=O)CC[C@]4(C)[C@H]3CC[C@]12C,CC1CCC2C(CCC3C2CCC2C3CC(C)C2C)C1,4.543627622,4.4323015167,4.6002353187,0.167933802
CC(C)(O)C(=O)Nc1ccc([N+](=O)[O-])c(C(F)(F)F)c1,C1CCCCC1,4.331254346,3.7218735285,4.5477098651,0.8258363366
C[C@]1(O)CC[C@H]2[C@@H]3CCC4=CC(=O)CC[C@]4(C)[C@H]3CC[C@@]21C,CC1CCC2C(CCC3C4CCCC4CCC23)C1,4.047023638,3.9873728049,4.1825854035,0.1952125986
CCCN(CCC)c1c([N+](=O)[O-])cc(C(F)(F)F)c(N)c1[N+](=O)[O-],C1CCCCC1,4.473790995,4.373420101,4.6002070157,0.2267869148
CCc1nn(C)c(C(=O)NCc2ccc(C(C)(C)C)cc2)c1Cl,CC(CCC1CCCCC1)C1CCCC1,4.6017009275,4.4988861099,4.664601924,0.165715814
CCOP(=O)(OCC)OC(=CCl)c1ccc(Cl)cc1Cl,C1CCCCC1,4.4960713935,3.897940016,4.6122690288,0.7143290128
C=CCOC(=O)C(C)(C)OC(=O)c1cc(-n2c(=O)cc(C(F)(F)F)n(C)c2=O)ccc1Cl,CC1CCCC(C)C1C1CCCCC1,4.153618944,4.1205989452,4.4016353157,0.2810363705
CC(C)N1C(=O)N(c2ccccc2)CS/C1=N\C(C)(C)C,CC1CC(C)CCC1C1CCCCC1,4.1718555945,4.1505200085,4.3242844679,0.1737644594
CCCCOCN(C(=O)CCl)c1c(CC)cccc1CC,C1CCCCC1,4.3442709175,4.2378339311,4.5288483179,0.2910143868
CC1(C)CCC(Cc2ccc(Cl)cc2)C1(O)Cn1cncn1,C1CCC(CC2CCCC2CC2CCCC2)CC1,4.164198625,4.1396454921,4.3612296983,0.2215842062
CCOc1cc(C(C)(C)C)ccc1C1COC(c2c(F)cccc2F)=N1,C1CCC(C2CCC(C3CCCCC3)C2)CC1,4.370714683,4.3494838510000005,4.4819684356,0.1324845846
CC1(c2ccc(Oc3ccccc3)cc2)OC(=O)N(Nc2ccccc2)C1=O,CC1CC(C2CCC(CC3CCCCC3)CC2)C(C)C1CC1CCCCC1,4.6390172105000005,4.4355597652,4.8847345101999995,0.4491747451
CCOC(=O)[C@@H](C)Oc1ccc(Oc2nc3ccc(Cl)cc3o2)cc1,C1CCC(CC2CC3CCCCC3C2)CC1,4.406596926,4.1829153706,4.6009466664000005,0.4180312957
N#Cc1nn(-c2c(Cl)cc(C(F)(F)F)cc2Cl)c(N)c1[S+]([O-])C(F)(F)F,C1CCC(C2CCCC2)CC1,4.5072949090000005,4.1884760667,4.6650854613,0.4766093946
CO/N=C(/C1=NOCCO1)c1ccccc1Oc1ncnc(Oc2ccccc2Cl)c1F,CC(C1CCCCC1)C1CCCCC1CC1CCCC(CC2CCCCC2)C1,4.2871899385,4.1925085394,4.4609830506,0.2684745112
O=C(Nc1ccccc1)Nc1ccnc(Cl)c1,CC(CC1CCCCC1)CC1CCCCC1,4.6382728575000005,4.5097772261,4.7519540221,0.2421767959
CCCCC(O)(Cn1cncn1)c1ccc(Cl)cc1Cl,C1CCC(CCC2CCCC2)CC1,4.3801976915,4.1865498249,4.4401047386000005,0.2535549137
CC(C)C1CCC(Cc2ccc(Cl)cc2)C1(O)Cn1cncn1,C1CCC(CC2CCCC2CC2CCCC2)CC1,4.4920013425,4.4621079435999995,4.5123715960999995,0.0502636526
Fc1ccc(Oc2ccnc3cc(Cl)cc(Cl)c23)cc1,C1CCC(CC2CCCC3CCCCC32)CC1,4.162335694,4.0673278098,4.1778937408,0.110565931
CCc1ccc(C(=O)NN(C(=O)c2cc(C)cc(C)c2)C(C)(C)C)cc1,CC(CCC(C)C1CCCCC1)C1CCCCC1,4.165912813,4.0608669837,4.40899519,0.3481282063
C=CCCCCCCCCC(=O)O,,4.2550287565,4.0437839035,4.4502090062,0.4064251028
CCCCCCCC[N+](C)(C)CCCCCCCC,,4.6096987665,4.4150494167000005,4.7547950630999996,0.3397456464
N#CSc1ccc(N)c([N+](=O)[O-])c1,C1CCCCC1,4.4331283070000005,4.3652100836,4.5363667723,0.1711566887
O=C(O)Cc1ccccc1Nc1c(Cl)cccc1Cl,C1CCC(CC2CCCCC2)CC1,4.369491781,4.2269354899,4.5739641723,0.3470286824
COc1ccc(Cl)cc1C(=O)NCCc1ccc(S(=O)(=O)NC(=O)NC2CCCCC2)cc1,CC(CC1CCCCC1)CC(C)(C)C1CCC(CCCC(C)C2CCCCC2)CC1,4.169067725,4.0482737637,4.4291774525,0.3809036888
CCOP(=S)(OCC)SC(CCl)N1C(=O)c2ccccc2C1=O,CC1CC(C)C2CCCCC12,4.3195314115,4.1581272461,4.4723703864,0.3142431402
O=S1OC[C@@H]2[C@H](CO1)[C@]1(Cl)C(Cl)=C(Cl)[C@@]2(Cl)C1(Cl)Cl,CC1CCC2C3CCC(C3)C2CC1,4.320817723,4.1438231612,4.4458545793,0.3020314181
O=S1(=O)OCC2C(CO1)C1(Cl)C(Cl)=C(Cl)C2(Cl)C1(Cl)Cl,CC1(C)CCC2C3CCC(C3)C2CC1,4.148555662,4.1210161932,4.1695857435,0.0485695503
COP(=O)(OC)Oc1ccc([N+](=O)[O-])cc1,C1CCCCC1,4.354041192,4.1188572671,4.4998467909999995,0.3809895239
CC(c1ccc(O)cc1)(c1ccc(O)cc1)c1ccc(O)cc1,C1CCC(C(C2CCCCC2)C2CCCCC2)CC1,5.0482641295,4.8449001431,5.3241513465,0.4792512034
Oc1ccc(C(c2ccc(O)cc2)(C(F)(F)F)C(F)(F)F)cc1,C1CCC(CC2CCCCC2)CC1,4.3380590315,4.0605260137000005,4.5154641334,0.4549381197
Oc1ccc(C2(c3ccc(O)cc3)c3ccccc3-c3ccccc32)cc1,C1CCC(C2(C3CCCCC3)C3CCCCC3C3CCCCC32)CC1,4.178201055,4.042348442,4.4086173336000005,0.3662688915
Oc1ccc(Nc2ccccc2)cc1,C1CCC(CC2CCCCC2)CC1,4.1958219485,4.0948085065,4.4619557571,0.3671472506
COc1cc([N+](=O)[O-])ccc1N,C1CCCCC1,4.4368040650000005,4.1275481065,4.932368399,0.8048202925
COc1ccccc1NC(=O)c1cc2ccccc2cc1O,CC(CC1CCCCC1)C1CCC2CCCCC2C1,4.5768088815,4.3580095189,4.8440160333,0.4860065144
O=C1OC2(c3ccc(O)cc3Oc3cc(O)ccc32)c2ccccc21,CC1CC2(C3CCCCC3CC3CCCCC32)C2CCCCC12,4.427392161,4.1359472861,4.8691133903,0.7331661042
NS(=O)(=O)C(F)(F)C(F)(F)C(F)(F)C(F)(F)C(F)(F)C(F)(F)C(F)(F)C(F)(F)F,,4.39361066,4.035822912,4.7257814373,0.6899585253
C=CCC1=C(C)[C@@H](OC(=O)[C@@H]2[C@@H](C=C(C)C)C2(C)C)CC1=O,CC1CCC(CC(C)C2CC2)C1,4.4174954365,4.1416792672,4.7407587071999995,0.5990794401
CN[C@H]1CC[C@@H](c2ccc(Cl)c(Cl)c2)c2ccccc21,C1CCC(C2CCCC3CCCCC32)CC1,4.551736315,3.8979400198,4.7993790113,0.9014389915
CN(C)C(=O)Nc1ccc(Oc2ccc(Cl)cc2)cc1,C1CCC(CC2CCCCC2)CC1,4.30024447,4.1530947725,4.4802145422,0.3271197698
CC(C)(C)C(O)/C(=C\c1ccc(Cl)cc1Cl)n1cncn1,C1CCC(CCC2CCCC2)CC1,4.2415319355,4.1142266303,4.2981865611,0.1839599307
Fc1ccc(C2(Cn3cncn3)OC2c2ccccc2Cl)cc1,C1CCC(C2CC2(CC2CCCC2)C2CCCCC2)CC1,4.166321486,4.1277167216,4.4525182435,0.3248015219
Cc1ccc(NC(=O)c2ccc(CN3CCN(C)CC3)cc2)cc1Nc1nccc(-c2cccnc2)n1,CC(CC1CCCC(CC2CCCC(C3CCCCC3)C2)C1)C1CCC(CC2CCCCC2)CC1,4.4592429970000005,3.897940013,4.6447954742,0.7468554612
CCC1=C(C)CN(C(=O)NCCc2ccc(S(=O)(=O)NC(=O)N[C@H]3CC[C@H](C)CC3)cc2)C1=O,CC(CC1CCCCC1)CC(C)(C)C1CCC(CCCC(C)C2CCCC2C)CC1,4.543034403,4.3653100719,4.6873033352,0.3219932633
COC1=C(OC)C(=O)C(CCCCCCCCCCO)=C(C)C1=O,CC1CCC(C)CC1,4.462590578,4.4257770321,4.4790371111,0.053260079
CC(=O)O[C@]1(C(C)=O)CC[C@H]2[C@@H]3C=C(C)C4=CC(=O)CC[C@]4(C)[C@H]3CC[C@@]21C,CC1CCC2C(CCC3C4CCCC4CCC23)C1,4.1538176135,4.1087979277999995,4.178193493,0.0693955652
CCCCCc1ccc(N)cc1,C1CCCCC1,4.1196693465,3.5969100629,4.7556928668000005,1.1587828039
CCCCCCc1ccc(N)cc1,C1CCCCC1,4.708346918,4.576263935,4.8496293658,0.2733654308
CCCCCCCCOC(=O)c1cc(O)c(O)c(O)c1,C1CCCCC1,4.1476822975,4.0934721162,4.1743658954,0.0808937792
O=C(Nc1ccccc1)c1cc([N+](=O)[O-])ccc1Cl,CC(CC1CCCCC1)C1CCCCC1,4.2549926629999995,4.1394660544,4.5040496404,0.364583586
CCCc1c(OCCCOc2ccc(OCC(=O)O)cc2)ccc(C(C)=O)c1O,C1CCC(CCCCCC2CCCCC2)CC1,4.16616596,4.1247714283,4.3636531412,0.2388817129
O=c1c(O)c(-c2ccc(O)cc2O)oc2cc(O)cc(O)c12,CC1CC(C2CCCCC2)CC2CCCCC12,4.2671657615,4.1405825701,4.8612561404,0.7206735703
Cc1nc(Nc2ncc(C(=O)Nc3c(C)cccc3Cl)s2)cc(N2CCN(CCO)CC2)n1,CC(CC1CCCCC1)C1CCC(CC2CCCC(C3CCCCC3)C2)C1,4.710582599,4.4473034768,4.8196123076,0.3723088308
N#CC(C#N)=NNc1cccc(Cl)c1,C1CCCCC1,6.059352097,6.0270679688,6.1084031179,0.081335149
COc1cc2ncnc(Nc3ccc(F)c(Cl)c3)c2cc1OCCCN1CCOCC1,C1CCC(CCCCC2CCC3CCCC(CC4CCCCC4)C3C2)CC1,4.624355555,4.4573578923,4.9570347163,0.499676824
COc1c(C)c2c(c(O)c1C/C=C(\C)CCC(=O)O)C(=O)OC2,CC1CCC2CCCCC12,7.0861362085,7.0063993844,7.1729024202,0.1665030358
CCC(C)N(C)C(=O)c1cc2ccccc2c(-c2ccccc2Cl)n1,C1CCC(C2CCCC3CCCCC32)CC1,4.397569959,4.240387468,4.6121008887,0.3717134207
CC(C)(C)c1cc(O)c(C(C)(C)C)cc1O,C1CCCCC1,4.4973458065,4.4703465201,4.5191374415,0.0487909214
CCOC(=O)c1nc(C(Cl)(Cl)Cl)n(-c2ccc(Cl)cc2Cl)n1,C1CCC(C2CCCC2)CC1,4.3727526515,4.1638309611,4.5620471814000005,0.3982162202
O=C1C=CC(=O)N1c1ccccc1,CC1CCC(C)C1C1CCCCC1,4.2335989755,4.0766778485,4.3901277611000005,0.3134499125
CCCCCCCCCCCC(=O)OCC(O)CO,,4.2125388059999995,4.1252116486,4.4180626359,0.2928509873
O=C(c1ccc(O)cc1O)c1ccc(O)cc1O,CC(C1CCCCC1)C1CCCCC1,4.52647101,4.1422303573,4.5845922144,0.4423618571
OCC(c1ccc(Cl)cc1)c1ccc(Cl)cc1,C1CCC(CC2CCCCC2)CC1,4.3134409535,4.2280362857,4.4928858978,0.2648496121
O=C(CCl)Nc1ccccc1,C1CCCCC1,4.536783114,4.2938204397,4.6083666415,0.3145462018
CCCCCC[C@@H](O)C/C=C\CCCCCCCC(=O)O,,4.4164621465,4.2884423254,4.4913939817,0.2029516563
O=C(Nc1cccc(Cl)c1)OCC#CCCl,C1CCCCC1,4.480829408,4.2707996793,4.524524069,0.2537243897
COC(=O)C(C)N(C(=O)Cc1ccccc1)c1c(C)cccc1C,CC(CC1CCCCC1)CC1CCCCC1,4.2190404269999995,3.9094283887,4.4350581252,0.5256297365
O=C(Nc1ccccc1SSc1ccccc1NC(=O)c1ccccc1)c1ccccc1,CC(CC1CCCCC1CCC1CCCCC1CC(C)C1CCCCC1)C1CCCCC1,4.3400446585,4.1447716103,4.5205545223,0.375782912
ClC1=C(Cl)C2(Cl)C(CBr)CC1(Cl)C2(Cl)Cl,C1CC2CCC1C2,4.153096972,4.128726514,4.3569150400000005,0.228188526
CC(C)OC(=O)C(O)(c1ccc(Cl)cc1)c1ccc(Cl)cc1,C1CCC(CC2CCCCC2)CC1,4.4530422185,4.2517661695,4.5062627694,0.2544965998
CCCCCC(C)OC(=O)COc1ccc(Cl)c2cccnc12,C1CCC2CCCCC2C1,4.1375033605,4.0828560987,4.1737266260000006,0.0908705274
CN(C)S(=O)(=O)N(SC(F)(Cl)Cl)c1ccccc1,C1CCCCC1,4.5494014095,4.4310275251,4.7079089687,0.2768814436
CC(C)(C)c1cc([N+](=O)[O-])cc([N+](=O)[O-])c1O,C1CCCCC1,5.336060586,4.6590581509,5.7588658374,1.0998076865
COP(=S)(OC)Oc1ccc(S(=O)(=O)N(C)C)cc1,C1CCCCC1,4.552292067,4.1771760848,4.7263338783,0.5491577935
CC(C)OC(=O)C(C)N(C(=O)c1ccccc1)c1ccc(F)c(Cl)c1,CC(CC1CCCCC1)C1CCCCC1,4.1833264535,4.1246686847,4.4020054526,0.277336768
CC(Oc1ccc(Oc2ncc(C(F)(F)F)cc2Cl)cc1)C(=O)O,C1CCC(CC2CCCCC2)CC1,4.859622299,4.591841286,5.3531491363,0.7613078503
CC1(C)[C@@H](C(=O)OCc2coc(Cc3ccccc3)c2)[C@H]1/C=C1\CCSC1=O,CC(CCC1CCC(CC2CCCCC2)C1)C1CC1CC1CCCC1C,4.4885500465,4.3207972359,4.5365262164,0.2157289805
CCCCCCCCCCCCSC#N,,4.4121299490000006,4.1154282167,4.5879648422,0.4725366255
CCCCCCCCCCCCN1CCCC1=O,CC1CCCC1,4.5498450985000005,4.391697489,4.6292158229,0.2375183339
CN(C)c1ccc(SC#N)cc1,C1CCCCC1,4.2955609995,4.0671099884,4.5201714510999995,0.4530614627
OC(c1ccc(Cl)cc1)(c1ccc(Cl)cc1)c1cccnc1,C1CCC(C(C2CCCCC2)C2CCCCC2)CC1,4.380369774,4.1551083261,4.4309293285999996,0.2758210025
CCCC(Cn1cncn1)c1ccc(Cl)cc1Cl,C1CCC(CCC2CCCC2)CC1,4.400847191,4.1726975856,4.4495145788,0.2768169932
CCCCCCCCCCCCCOS(=O)(=O)O,,4.358417352,4.1358306237,4.4985346474,0.3627040237
Cc1cccc(N(C)C(=S)Oc2ccc3ccccc3c2)c1,CC(CC1CCCCC1)CC1CCC2CCCCC2C1,4.2398166580000005,4.1535155044,4.421027928,0.2675124237
Cc1ccc(N(SC(F)(Cl)Cl)S(=O)(=O)N(C)C)cc1,C1CCCCC1,4.367072423,4.2311072536,4.5059551419999995,0.2748478884
O=C1NCN(c2ccccc2)C12CCN(CCCOc1ccc(F)cc1)CC2,CC1CCC(C2CCCCC2)C12CCC(CCCCC1CCCCC1)CC2,4.880826441,4.5166707,5.1022842963,0.5856135963
CN1C[C@H](CNC(=O)OCc2ccccc2)C[C@@H]2c3cccc4c3c(cn4C)C[C@H]21,CC(CCC1CCCCC1)CCC1CCC2CC3CCC4CCCC(C2C1)C43,4.497934815,4.4119305829,4.8494111013,0.4374805184
CN(C)CCCN1c2ccccc2CCc2ccc(Cl)cc21,C1CCC2CC3CCCCC3CCC2C1,4.384108778,4.3219830659,4.5177922306,0.1958091647
Nc1ccc2cc3ccc(N)cc3nc2c1,C1CCC2CC3CCCCC3CC2C1,4.47695557,4.3711400736999995,4.6310415446,0.259901471
CCCCCC(=O)O[C@]1(C(C)=O)CC[C@H]2[C@@H]3CCC4=CC(=O)CC[C@]4(C)[C@H]3CC[C@@]21C,CC1CCC2C(CCC3C4CCCC4CCC23)C1,4.653488606,4.545163466,4.6843904129,0.1392269469
CSc1ccc2c(c1)C(N1CCN(C)CC1)Cc1ccccc1S2,C1CCC(C2CC3CCCCC3CC3CCCCC32)CC1,4.510641865,4.4609461104,4.6124545787999995,0.1515084684
CCc1ccc(CCOc2ccc(CC3SC(=O)NC3=O)cc2)nc1,CC1CC(C)C(CC2CCC(CCCC3CCCCC3)CC2)C1,4.145632556,4.1185258452,4.17228993,0.0537640848
COCCCOc1ccnc(C[S+]([O-])c2nc3ccccc3[nH]2)c1C,C1CCC(CCC2CC3CCCCC3C2)CC1,4.296006392,4.1186150991999995,4.5874158371,0.4688007378
CCOC(=O)[C@H](CCc1ccccc1)N[C@@H](C)C(=O)N1CC2(C[C@H]1C(=O)O)SCCS2,CC(CCCCCC1CCCCC1)C1CCC2(CCCC2)C1,4.423396768,3.8979400182,4.8324182388,0.9344782205
CC(C)c1c(C(=O)Nc2ccccc2)c(-c2ccccc2)c(-c2ccc(F)cc2)n1CC[C@@H](O)C[C@@H](O)CC(=O)O,CC(CC1CCCCC1)C1CCC(C2CCCCC2)C1C1CCCCC1,4.582168092,4.5442635802,4.685150237,0.1408866569
O=C1CCCCCN1SSN1CCCCCC1=O,CC1CCCCCC1CCC1CCCCCC1C,4.380249339,3.9424174345,4.6633449524,0.7209275179
CCCCCCOC(=O)c1ccc(O)cc1,C1CCCCC1,4.237234877,4.1781592225,4.4055862217,0.2274269991
O=C1Nc2ccccc2C1(c1ccc(O)cc1)c1ccc(O)cc1,CC1CC2CCCCC2C1(C1CCCCC1)C1CCCCC1,4.3447059975,4.2966810097,4.5083727657,0.211691756
CN(C)c1ccc(O)c2c1C[C@H]1C[C@H]3[C@H](N(C)C)C(O)=C(C(N)=O)C(=O)[C@@]3(O)C(O)=C1C2=O,CC1CCCC2CC3CC4CCCCC4C(C)C3CC12,4.469800576,4.417981125,4.6126602478,0.1946791228
O=C1CN(/N=C/c2ccc(-c3ccc([N+](=O)[O-])cc3)o2)C(=O)N1,CC1CC(C)C(CCC2CCC(C3CCCCC3)C2)C1,4.5079963485,4.3181216545000005,4.7983140329000005,0.4801923784
c1ccc(C[n+]2cccc3ccccc32)cc1,C1CCC(CC2CCCC3CCCCC32)CC1,4.4242920085,4.1933312931,4.4981875275,0.3048562344
COc1ccc(C(=O)CC(=O)c2ccc(C(C)(C)C)cc2)cc1,CC(CC(C)C1CCCCC1)C1CCCCC1,4.3407647990000005,4.2161771075,4.4907208683,0.2745437608
CNCCCC12CCC(c3ccccc31)c1ccccc12,C1CCC2C(C1)C1CCC2C2CCCCC21,4.5210121585,4.2486116957,5.0707006234000005,0.8220889276
CN1CCN(CCCN2c3ccccc3Sc3ccc(C(F)(F)F)cc32)CC1,C1CCC(CCCC2C3CCCCC3CC3CCCCC32)CC1,4.4543228425,4.3339911325,4.5661050915,0.232113959
CC(C)(C)c1ccc(CN2CCN(C(c3ccccc3)c3ccc(Cl)cc3)CC2)cc1,C1CCC(CC2CCC(C(C3CCCCC3)C3CCCCC3)CC2)CC1,4.5084789055000005,4.2422781216,4.6978153617,0.4555372401
CNCCC=C1c2ccccc2CCc2ccccc21,CC1C2CCCCC2CCC2CCCCC21,4.5502583645,4.4481190418,4.8160947049,0.3679756631
CCc1ccc2c(c1)N(CC(C)CN(C)C)c1ccccc1S2,C1CCC2CC3CCCCC3CC2C1,4.532236903,4.4005442846000005,4.6877301983,0.2871859137
O=c1[nH]c2ccccc2n1CCCN1CCC(n2c(=O)[nH]c3cc(Cl)ccc32)CC1,CC1CC2CCCCC2C1CCCC1CCC(C2C(C)CC3CCCCC32)CC1,4.4993499,3.9497987356,4.8536454237,0.9038466882
CC1=C(C)C(=O)C(CCCCC#CCCCC#CCO)=C(C)C1=O,CC1CCC(C)CC1,4.471502159,4.3513711301,4.548839478,0.1974683478
O=c1c2ccccc2[se]n1-c1ccccc1,CC1C2CCCCC2CC1C1CCCCC1,4.5184127645,4.4374886636,4.6690738397,0.2315851761
O=C1NCN(c2ccccc2)C12CCN(CCCC(c1ccc(F)cc1)c1ccc(F)cc1)CC2,CC1CCC(C2CCCCC2)C12CCC(CCCC(C1CCCCC1)C1CCCCC1)CC2,4.6335321700000005,4.4864136211000005,4.7184836060999995,0.232069985
c1ccc2c(c1)OCC(C1=NCCN1)O2,C1CCC2CC(C3CCCC3)CCC2C1,4.5086128335,4.3365033205,4.6959053707,0.3594020502
CN(C)C(=O)C(CCN1CCC(O)(c2ccc(Cl)cc2)CC1)(c1ccccc1)c1ccccc1,C1CCC(C2CCC(CCC(C3CCCCC3)C3CCCCC3)CC2)CC1,4.5160827605,4.4084657416,4.6630580039,0.2545922623
O=c1[nH]c2ccccc2n1CCCN1CCN(C(c2ccccc2)c2ccccc2)CC1,CC1CC2CCCCC2C1CCCC1CCC(C(C2CCCCC2)C2CCCCC2)CC1,4.485689591,4.3277784785,4.6418766727000005,0.3140981942
Cc1c(Cl)cccc1Nc1ccccc1C(=O)O,C1CCC(CC2CCCCC2)CC1,4.6892886375,4.6487722484,4.7185658407,0.0697935923
Cc1ccc(Cl)c(Nc2ccccc2C(=O)O)c1Cl,C1CCC(CC2CCCCC2)CC1,4.468726279,4.4400634817,4.6041842948,0.1641208131
Cc1ccc(C(=O)c2ccc(CC(=O)O)n2C)cc1,CC(C1CCCCC1)C1CCCC1,4.9210748705,4.8683472044,5.0577486188,0.1894014144
Fc1ccc(C(c2ccc(F)cc2)N2CCN(C/C=C/c3ccccc3)CC2)cc1,C1CCC(CCCC2CCC(C(C3CCCCC3)C3CCCCC3)CC2)CC1,4.460566274,4.3777628948,4.5891483031,0.2113854083
c1ccc(-c2ccc(C(c3ccccc3)n3ccnc3)cc2)cc1,C1CCC(C2CCC(C(C3CCCCC3)C3CCCC3)CC2)CC1,4.4505225335,4.4188328569,4.4751728969,0.0563400399
Cc1cccc(C)c1Nc1ncccc1C(=O)O,C1CCC(CC2CCCCC2)CC1,4.450784444,4.4292553107,4.4747117008,0.0454563901
CCC(CC)(CC(=O)Nc1cccc(/C=C/c2nc(C3CCC3)cs2)c1)C(=O)O,C1CCC(CCC2CCC(C3CCC3)C2)CC1,4.471237679,4.3677690283,4.6112803621000005,0.2435113338
OCCN1CCN(CCCN2c3ccccc3C=Cc3ccccc32)CC1,C1CCC(CCCC2C3CCCCC3CCC3CCCCC32)CC1,4.64659534,4.4439898755,5.0361907018,0.5922008263
CC(C)(C)[C@]1(O)CCN2C[C@H]3c4ccccc4CCc4cccc(c43)[C@@H]2C1,C1CCC2C(C1)CC1C3CCCCC3CCC3CCCC2C31,4.503622302,4.3944516579999995,4.6670922946,0.2726406365
CC[N+](CC)(CC)CCOc1ccc(/C=C/c2ccccc2)cc1,C1CCC(CCC2CCCCC2)CC1,4.7582268745,4.6408145357,5.0983219444,0.4575074087
CC(C)NCC(O)COc1ccc(COCCOC(C)C)cc1,C1CCCCC1,4.54585921,4.4398227761,4.7215514948,0.2817287187
CN(C)CCCN1c2ccccc2Sc2ccc(C(F)(F)F)cc21,C1CCC2CC3CCCCC3CC2C1,4.571465719,4.3522405217,4.6578897419,0.3056492202
COc1cc2c(cc1OC)-c1c/c(=N\c3c(C)cc(C)cc3C)n(C)c(=O)n1CC2,CC1CC(CC2CCCCC2)CC2C1CCC1CCCCC12,4.6533687015,4.5454540705,4.6730353747999995,0.1275813043
Oc1c(Br)cc(Br)c2cccnc12,C1CCC2CCCCC2C1,4.688432883,4.5664830914,5.064571344,0.4980882526
CN1CCC(=C2c3ccccc3Sc3ccccc32)CC1,C1CCC(C2C3CCCCC3CC3CCCCC32)CC1,4.4829711055,4.1891414987,4.7425904103,0.5534489116
CCCCCCOc1ccccc1C(N)=O,C1CCCCC1,4.6072471145,4.4503111264,4.7467166766,0.2964055502
Clc1ccc(CO/N=C(\Cn2ccnc2)c2ccc(Cl)cc2Cl)c(Cl)c1,C1CCC(CCCC(CC2CCCC2)C2CCCCC2)CC1,4.446559255,4.3874573345000005,4.5535252922,0.1660679577
CCC(=O)NCCC1CCc2ccc3c(c21)CCO3,C1CC2CCC3CCCC3C2C1,4.636861245,4.2219997395,4.8142095885,0.592209849
CC[C@@]1(O)C(=O)OCc2c1cc1n(c2=O)Cc2cc3c(CN(C)C)c(O)ccc3nc2-1,CC1CCC2C(C1)CC1C3CC4CCCCC4CC3CC1C2C,5.4847431055,4.9217867822,5.9530797973,1.0312930151
OC[C@H]1O[C@@H](n2cnc3c(S)ncnc32)[C@H](O)[C@@H]1O,C1CCC2C(C1)CCC2C1CCCC1,5.152849438,4.8951611532,5.3442115086,0.4490503554
CC1(CN2CCC(n3c(=O)[nH]c4ccccc43)CC2)OCc2ccccc2-n2cccc21,CC1CC2CCCCC2C1C1CCC(CC2CCC3CCCCC3C3CCCC23)CC1,4.4646458145,4.3990643718,4.4785932875,0.0795289157
CCc1oc2ccccc2c1C(=O)c1cc(I)c(O)c(I)c1,CC(C1CCCCC1)C1CCC2CCCCC21,4.837320806,4.7539555078,4.9250018783,0.1710463705
CN1CCCC(CN2c3ccccc3Sc3ccccc32)C1,C1CCC(CC2C3CCCCC3CC3CCCCC32)CC1,4.5591542415,4.4528004076,4.6858339655000005,0.2330335579
CCOc1cc(-c2nccc3cc(OC)c(OC)cc23)cc(OCC)c1OCC,C1CCC(C2CCCC3CCCCC32)CC1,4.484002955,4.4407301122,4.5853260067,0.1445958946
[O-][S+](c1cc(Cl)cc(Cl)c1O)c1cc(Cl)cc(Cl)c1O,C1CCC(CC2CCCCC2)CC1,4.4694671360000005,4.4463335103,4.4798954885,0.0335619782
CCN(CC)CCOc1ccc(-c2nc3cc(Cl)ccc3s2)cc1,C1CCC(C2CC3CCCCC3C2)CC1,4.4580579425,4.4041987399,4.5375761127,0.1333773728
CN1C(=S)CN=C(c2ccccc2)c2cc(Cl)ccc21,CC1CCC(C2CCCCC2)C2CCCCC2C1,4.936979075,4.4773220478999995,5.1138780313,0.6365559834
O=C(N/N=C/c1ccccc1O)c1ccncc1,CC(CCCC1CCCCC1)C1CCCCC1,4.9385884165,4.4635325927,5.0969178937,0.633385301
O=[N+]([O-])c1ccc(O)c2ncccc12,C1CCC2CCCCC2C1,4.595409638,4.1630699124,5.1778750361,1.0148051237
CCCOC(=O)c1ccc(N)cc1,C1CCCCC1,4.511497798,4.3705327024,4.750778801,0.3802460986
COCCOC(=O)C1=C(C)NC(C)=C(C(=O)OC/C=C/c2ccccc2)C1c1cccc([N+](=O)[O-])c1,CC(CCCCC1CCCCC1)C1CCCCC1C1CCCCC1,4.4987666520000005,4.4252821409,4.5786077677999995,0.153325627
CN(C)C(=O)CCSC(SCCC(=O)O)c1cccc(/C=C/c2ccc3ccc(Cl)cc3n2)c1,C1CCC(CCC2CCC3CCCCC3C2)CC1,4.71362319,4.5967322055,4.7490473762,0.1523151707
CCC1OC(=O)C[C@@H](O)[C@H](C)[C@@H](O[C@@H]2O[C@H](C)C[C@H](N(C)C)[C@H]2O)[C@@H](CC=O)C[C@@H](C)C(=O)C=C[C@]2(C)OC2C1C,CC1CCCC(CC2CCCCC2)CCCC(C)CCC2CC2CCC1,4.591980843,4.4565156525,4.715544993,0.2590293405
COc1cc(C=C2CCCC(=Cc3ccc(O)c(OC)c3)C2=O)ccc1O,CC1C(CC2CCCCC2)CCCC1CC1CCCCC1,4.7958215695,4.723360459,4.8714881076,0.1481276486
CCOC(=O)C1=C(C)NC(C)=C(C(=O)OCC)C1c1ccccc1/C=C/C(=O)OC(C)(C)C,C1CCC(C2CCCCC2)CC1,4.526792104,4.4640912785,4.6378300515,0.173738773
Nc1nc(Cl)nc2c1ncn2[C@@H]1O[C@H](CO)[C@@H](O)[C@@H]1F,C1CCC2C(C1)CCC2C1CCCC1,4.685885205,4.5906210127,4.7468235745000005,0.1562025618
CNCC[C@H](Oc1cccc2ccccc12)c1cccs1,C1CCC(CCC2CCCC3CCCCC32)C1,4.5591208565,4.4588702526,4.6818628531,0.2229926005
O=C1[C@H]2CCCC[C@H]2C(=O)N1CCCCN1CCN(c2nsc3ccccc23)CC1,CC1C(CCCCC2CCC(C3CCC4CCCCC43)CC2)C(C)C2CCCCC12,4.5419054135,4.4235717773,4.6816793913,0.258107614
Cc1c(C(=O)NN2CCCCC2)nn(-c2ccc(Cl)cc2Cl)c1-c1ccc(Cl)cc1,CC(CC1CCCCC1)C1CC(C2CCCCC2)C(C2CCCCC2)C1,4.773835644,4.6483019975,4.8936717373,0.2453697397
C#Cc1cccc(Nc2ncnc3cc(OCCOC)c(OCCOC)cc23)c1,C1CCC(CC2CCCC3CCCCC32)CC1,5.288443203,5.0668432742,5.4460741039,0.3792308296
COc1cccc(N(C)C(=S)Oc2ccc3c(c2)CCCC3)n1,CC(CC1CCCCC1)CC1CCC2CCCCC2C1,4.512996094,4.3918729422,4.6599883221,0.2681153799
CCN(CC)CCOc1ccc(C(O)(Cc2ccc(Cl)cc2)c2ccc(C)cc2)cc1,C1CCC(CC(C2CCCCC2)C2CCCCC2)CC1,4.4671927895,4.4286519698,4.5304703283,0.1018183585
O=c1c(-c2ccccc2)c1-c1ccccc1,CC1C(C2CCCCC2)C1C1CCCCC1,4.4752208125,4.3859406649,4.5336424615999995,0.1477017968
O=[N+]([O-])c1cc(I)c(O)c(I)c1,C1CCCCC1,4.711357468,4.6084398033,4.7605246929,0.1520848896
CCN1C(=CC=Cc2sc3ccccc3[n+]2CC)Sc2ccccc21,C(CC1CC2CCCCC2C1)CC1CC2CCCCC2C1,4.9723255545,4.6065063816,5.567341041,0.9608346594
Clc1ccc(C(Cn2ccnc2)OCc2ccsc2Cl)c(Cl)c1,C1CCC(C(CCC2CCCC2)CC2CCCC2)CC1,4.460166084,4.4293910758,4.4809801391,0.0515890633
C=C1/C(=C\C=C2/CCC[C@@]3(C)[C@H]2CC[C@@H]3[C@H](C)/C=C/[C@@H](O)C2CC2)C[C@@H](O)C[C@@H]1O,CC1CCCCC1CCC1CCCC2C(CCCCC3CC3)CCC21,4.6262993434999995,4.5110097317,4.6635870871,0.1525773553
CC(C)C(=O)OCC(=O)[C@@]12O[C@H](C3CCCCC3)O[C@@H]1C[C@H]1[C@@H]3CCC4=CC(=O)C=C[C@]4(C)[C@H]3[C@@H](O)C[C@@]12C,CC1CCC2C(CCC3C2CCC2C4CC(C5CCCCC5)CC4CC23)C1,4.578420877,4.4619931509,4.6302018,0.1682086491
CCC(C)(C)c1ccc(CC(C)CN2C[C@H](C)O[C@H](C)C2)cc1,C1CCC(CCCC2CCCCC2)CC1,4.516177072,4.3869708282,4.6495424652,0.262571637
C=C[C@]1(C)C[C@@H](OC(=O)CSCCN(CC)CC)[C@]2(C)C(C)CC[C@]3(CCC(=O)[C@H]32)[C@@H](C)[C@@H]1O,CC1CCC23CCCCCC(CCC2)C13,4.563134392,4.4434316551999995,4.719788535,0.2763568798
O=C1OC(OC(=O)c2cccnc2Nc2cccc(C(F)(F)F)c2)c2ccccc21,CC(CC1CC(C)C2CCCCC12)C1CCCCC1CC1CCCCC1,4.455481452,4.4259995514,4.6017977132,0.1757981617
CC[C@@]1(O)C(=O)OCc2c1cc1n(c2=O)Cc2cc3c([N+](=O)[O-])cccc3nc2-1,CC1CCC2C(C1)CC1C3CC4CCCCC4CC3CC1C2C,5.762324238,5.3051416116,6.2378202634,0.9326786518
N#CC(c1ccc(Cl)cc1)c1c(Cl)cc(-n2ncc(=O)[nH]c2=O)cc1Cl,CC1CCC(C2CCC(CC3CCCCC3)CC2)C(C)C1,4.651601553,4.5255050024,4.7319218216,0.2064168193
Cc1cc(O)c2c(c1)O[C@@]1(C)CC[C@H]3C(C)(C)CCCC34CO[C@@H]2[C@H]41,C1CCC2C(C1)CC1CCC3CCCCC34CCC2C14,4.535148996,4.4395807154,4.644141287,0.2045605716
COc1ccc2c(c1)OC(C)(C)[C@@H](c1ccccc1)[C@@H]2c1ccc(OCCN2CCCC2)cc1,C1CCC(C2CCC3CCCCC3C2C2CCC(CCCC3CCCC3)CC2)CC1,4.463495988,4.3486983722,4.4785142647,0.1298158924
C[C@]12Cc3nonc3C[C@@H]1CC[C@@H]1[C@@H]2CC[C@@]2(C)[C@H]1CC[C@]2(C)O,C1CC2CC3CCC4C5CCCC5CCC4C3CC2C1,4.4365468539999995,4.3365636136,4.4771393766,0.140575763
Clc1ccc(Nc2nnc(Cc3ccncc3)c3ccccc23)cc1,C1CCC(CC2CCC(CC3CCCCC3)C3CCCCC23)CC1,4.5040766905,4.4263567298,4.6056647978,0.179308068
CC(C)c1cccc(C(C)C)c1N1C(=O)c2ccc(O)cc2C1=O,CC1C2CCCCC2C(C)C1C1CCCCC1,4.531066459,4.385334703,4.5743928385,0.1890581354
O=C1Cc2ccccc2N1c1c(Cl)cccc1Cl,CC1CC2CCCCC2C1C1CCCCC1,4.390309788,4.1181048301,4.4765920031,0.358487173
CCc1cc(C2=C(C(=O)O)N(c3ccccc3C(F)(F)F)S(=O)(=O)c3ccccc32)cc2c1OCO2,CC1(C)C(C2CCCCC2)CC(C2CCC3CCCC3C2)C2CCCCC21,4.420215864,4.2581693357,4.4806033596,0.2224340239
Cc1cc(SC2=C(O)C[C@@](CCc3ccc(N)cc3)(C(C)C)OC2=O)c(C(C)(C)C)cc1CO,CC1CC(CCC2CCCCC2)CCC1CC1CCCCC1,4.201369386,3.9729391096,4.4251386622,0.4521995526
Cc1nccn1-c1ccc(Sc2cccc(C3(C(N)=O)CCOCC3)c2)cc1,C1CCC(C2CCCC(CC3CCC(C4CCCC4)CC3)C2)CC1,5.781265671,5.2896492239,6.0655052996,0.7758560757
CCCOc1ccc(S(=O)(=O)N2CCN(CC)CC2)cc1-c1nc2c(CC)n(Cc3ccccn3)nc2c(=O)[nH]1,CC1CC(C2CCCC(C(C)(C)C3CCCCC3)C2)CC2CC(CC3CCCCC3)CC12,4.149082579,4.1246962763,4.1697204074,0.0450241311
CC(C)c1nnc2ccc(-c3ocnc3-c3cc(F)ccc3F)cn12,C1CCC(C2CCCC2C2CCC3CCCC3C2)CC1,4.21976284,4.0948275113,4.4678972511,0.3730697398
CN[C@H]1CC[C@@H](c2ccc(Cl)c(Cl)c2)c2ccc(S(N)(=O)=O)cc21,C1CCC(C2CCCC3CCCCC32)CC1,4.357983492,4.2169556962999994,4.4412088681,0.2242531719
Cc1oc(-c2ccccc2)nc1CCOc1cccc2c1ccn2CCC(=O)O,C1CCC(C2CCC(CCCC3CCCC4CCCC34)C2)CC1,4.1662493085,4.14670512,4.1802738558,0.0335687358
Cc1oc(-c2ccccc2)nc1CCOc1ccc(C[C@H](Nc2ccccc2C(=O)c2ccccc2)C(=O)O)cc1,CC(C1CCCCC1)C1CCCCC1CCCC1CCC(CCCC2CCC(C3CCCCC3)C2)CC1,4.5874500025,4.5659725863,4.6139429462,0.0479703599
NC(=O)c1nc(-c2cccc(-c3cc(F)ccc3OCC(F)(F)C(F)(F)F)c2)n[nH]1,C1CCC(C2CCCC(C3CCCC3)C2)CC1,4.4000976645000005,4.3199453128,4.4752368224,0.1552915096
CC(C)(O)c1cnn2c(-c3ccc(F)c(-c4c(F)cccc4C#N)c3)cnc2n1,C1CCC(C2CCCC(C3CCC4CCCCC43)C2)CC1,4.353839668,4.1458146363,4.5206119948,0.3747973585
Fc1ccccc1[C@@H](F)CO[C@H]1CC[C@H](Nc2[nH]cnc3nncc2-3)CC1,C1CCC(CCCC2CCC(CC3CCCC4CCCC43)CC2)CC1,4.4765573085,4.4275218171,4.5050450206,0.0775232035
CCOc1cccc(-n2cc(C(=O)N3CCN(c4cc(C(=O)O)c5ccccc5c4)CC3)nc2-c2ccc(C)cc2)c1,CC(C1CCC(C2CCC3CCCCC3C2)CC1)C1CC(C2CCCCC2)C(C2CCCCC2)C1,4.8266897345,4.5137286953,5.0064906809,0.4927619856
O=C(N[C@@H](c1ccccc1)[C@@H]1CCCCN1)c1cccc(C(F)(F)F)c1Cl,CC(CC(C1CCCCC1)C1CCCCC1)C1CCCCC1,4.296230818,4.1326076941,4.4643017394,0.3316940454
CN1CCN(Cc2cc(-c3ccc4nc(O)oc4c3)co2)[C@@H](c2ccc(F)cc2)C1,C1CCC(C2CCCCC2CC2CCC(C3CCC4CCCC4C3)C2)CC1,4.2992901754999995,4.1890501853,4.4562994435,0.2672492582
O=C(N[C@H](c1ccccc1)[C@@H]1CN2CCC1CC2)c1c(Cl)ccc(C(F)(F)F)c1Cl,CC(CC(C1CCCCC1)C1CC2CCC1CC2)C1CCCCC1,4.195135596,4.0612947355,4.2820935441,0.2207988086
CCOC(=O)c1ccc([C@H]2CC[C@H](NC[C@H](O)COc3ccc(O)c(NS(C)(=O)=O)c3)CC2)cc1,C1CCC(CCCCCC2CCC(C3CCCCC3)CC2)CC1,4.2110991525,4.1840360342,4.2326138084,0.0485777742
Cc1nc(-c2ccccn2)ncc1C(=O)Nn1cc(C)c2cc(F)ccc21,CC(CC1CCC2CCCCC21)C1CCC(C2CCCCC2)CC1,4.157659586,4.1230432505,4.4476474021,0.3246041515
OCCOCCN1CCN(C(c2ccccc2)c2ccc(Cl)cc2)CC1,C1CCC(C(C2CCCCC2)C2CCCCC2)CC1,4.4818851859999995,4.0612853944000005,4.9231516598,0.8618662654
CO/C=C(/C(=O)OC)c1ccccc1COc1cccc(C(F)(F)F)n1,C1CCC(CCC2CCCCC2)CC1,4.2768500895,4.1796339453,4.4677249896,0.2880910444
CCCCCCCCCCCSCC(=O)O,,4.172945803,4.1440720467,4.3481412213,0.2040691747
C=CCc1cc(S(=O)(=O)c2ccc(O)c(CC=C)c2)ccc1O,CC(C)(C1CCCCC1)C1CCCCC1,4.34931984,4.1636140678,4.4184887525,0.2548746847
CC(=O)[C@]1(O)Cc2c(O)c3c(c(O)c2[C@@H](O[C@H]2C[C@H](N)[C@H](O)[C@H](C)O2)C1)C(=O)c1ccccc1C3=O,CC1C2CCCCC2C(C)C2CC3C(CC4CCCCC4)CCCC3CC12,5.378648363,5.1921571595,5.4794668696999995,0.2873097102
Nc1ccn([C@@H]2O[C@H](CO)[C@@H](O)C2(F)F)c(=O)n1,CC1CCCCC1C1CCCC1,5.157122525,4.7526530034,5.5079098484,0.755256845
CC(=O)c1ccc2c(c1)N(CCCN1CCN(CCO)CC1)c1ccccc1S2,C1CCC(CCCC2C3CCCCC3CC3CCCCC32)CC1,4.613531776,4.3752480548,4.8152924542,0.4400443994
CCC(=O)c1ccc2c(c1)N(CCCN1CCN(CCO)CC1)c1ccccc1S2,C1CCC(CCCC2C3CCCCC3CC3CCCCC32)CC1,4.683761232,4.4106130785,5.0544739515,0.643860873
COc1cc2c(cc1OC)-c1cc3ccc(OC)c(OC)c3c[n+]1CC2,C1CCC2CC3C(CCC4CCCCC43)CC2C1,4.1149523729999995,3.596910014,4.6009464659,1.004036452
CCCCCCCCn1cc[n+](C)c1,C1CCCC1,4.51459357,4.3452181294,4.6515781436,0.3063600142
CCCCCCCCCOC(=O)c1ccc(O)cc1,C1CCCCC1,4.493996922,4.1847780577,4.5432636477,0.3584855901
COc1ccc(C(=O)c2cccc(O)c2)c(OC)c1,CC(C1CCCCC1)C1CCCCC1,4.1442286095,4.1150266603,4.3311584605,0.2161318002
CCCCCOC(=O)c1ccc(O)cc1,C1CCCCC1,4.16381117,4.0721421775,4.3435823210999995,0.2714401436
Cc1cc(C(C)(C)c2ccc(O)c(C)c2)ccc1O,C1CCC(CC2CCCCC2)CC1,4.4382337715,4.3920957301,4.519698401,0.1276026709
CC(c1ccc(O)cc1)c1ccc(O)cc1,C1CCC(CC2CCCCC2)CC1,4.2839667175,4.1929206002,4.4652728075,0.2723522073
Oc1ccc(C2(c3ccc(O)cc3)CC3CC2C2CCCC32)cc1,C1CCC(C2(C3CCCCC3)CC3CC2C2CCCC32)CC1,7.50453432,7.3545193588,7.6856027822,0.3310834234
CC1CCC(C(C)C)C(OC(=O)c2ccccc2N)C1,CC(CC1CCCCC1)C1CCCCC1,4.147343619,4.0842390313,4.3808245679999995,0.2965855367
CCCCCCCCCCn1cc[n+](C)c1,C1CCCC1,5.446764524,5.2588884216,5.6567462169,0.3978577953
CCCCCCCCCCCCn1cc[n+](C)c1,C1CCCC1,5.809930898,4.8962618236,6.0687360343,1.1724742107
CCCCCCCCn1cc[n+](C)c1,C1CCCC1,4.4994022045,4.3638435019,4.6813934817,0.3175499797
CCCCCCCCn1cc[n+](C)c1,C1CCCC1,4.521785122,4.4208083649,4.699194951,0.2783865862
CCCCCCCCn1cc[n+](C)c1,C1CCCC1,4.6244184105,4.3875522256,4.7169040385,0.3293518129
Oc1ccc(Sc2ccc(O)cc2)cc1,C1CCC(CC2CCCCC2)CC1,4.1926907735,4.1340372974,4.2342757654,0.1002384679
O=C(c1ccc(O)cc1)c1ccc(Cl)cc1,CC(C1CCCCC1)C1CCCCC1,4.1664701665,4.1318727290999995,4.2953528876,0.1634801585
Oc1ccc(C2(c3ccc(O)cc3)CCCCC2)cc1,C1CCC(C2(C3CCCCC3)CCCCC2)CC1,5.198602512,4.9462741567999995,5.9519681018,1.005693945
Cc1cc(C(C)(C)c2cc(C)c(O)c(C)c2)cc(C)c1O,C1CCC(CC2CCCCC2)CC1,4.954942332,4.7393611686,5.0918368042,0.3524756356
O=C(c1ccc(O)c(O)c1)c1ccc(O)cc1O,CC(C1CCCCC1)C1CCCCC1,4.3422051195,4.2067803552,4.4851877534,0.2784073981
C[C@H]1CN(CCCn2c3ccccc3c3ccccc32)C[C@@H](C)N1,C1CCC(CCCC2C3CCCCC3C3CCCCC32)CC1,4.596835528,4.3961768865,4.7034573912,0.3072805047
COc1cc(C=O)cc2c1[C@H](COC(N)=O)[C@]1(OC(C)=O)ON2C[C@H]2[C@@H]1N2C(C)=O,C1CCC2C(C1)CC1CC2CC2CC12,5.2138698555000005,5.0733417456,5.3379345428,0.2645927972
Cc1oc2c(NC(=O)c3c(Cl)cccc3Cl)cccc2c1C(C)(C)O,CC(CC1CCCC2CCCC21)C1CCCCC1,4.303396467,4.1761188671,4.535311876,0.359193009
CN1CCc2cccc3c2[C@H]1Cc1ccc(O)c(O)c1-3,C1CCC2C(C1)CC1CCCC3CCCC2C31,4.1422126925,4.0744923157,4.1753750623000006,0.1008827465
CCc1cc(Cc2cc(CC)c(N)c(CC)c2)cc(CC)c1N,C1CCC(CC2CCCCC2)CC1,4.485064368,4.375610968,4.5588387873,0.1832278193
CCCCCCOc1ccc(O)cc1,C1CCCCC1,4.176549963,4.1407841234,4.4847018906,0.3439177672
CS(=O)(=O)c1ccc([C@@H](CC2CCCC2)C(=O)Nc2cnccn2)cc1Cl,CC(CC1CCCCC1)C(CC1CCCC1)C1CCCCC1,4.148063961,4.0804193266999995,4.3258725359,0.2454532092
O=C(O)c1ccc(-n2nc(-c3ccccc3O)nc2-c2ccccc2O)cc1,C1CCC(C2CC(C3CCCCC3)C(C3CCCCC3)C2)CC1,4.821145771,4.7021469391,5.0136819067000005,0.3115349676
N#C/C(=C1/SC[C@@H](c2ccc(Cl)cc2Cl)S1)n1ccnc1,C1CCC(C2CCC(CC3CCCC3)C2)CC1,4.479833326,4.4177811050999996,4.6131402522,0.195359147
COc1cc(Br)c(C[N+]2(CCOCCC3CCC4CC3C4(C)C)CCOCC2)cc1OC,C1CCC(CC2(CCCCCC3CCC4CC3C4)CCCCC2)CC1,4.509270745,4.4048733415,4.6497139140999995,0.2448405727
CN1CCN(CCCN2c3ccccc3Sc3ccccc32)CC1,C1CCC(CCCC2C3CCCCC3CC3CCCCC32)CC1,4.618557237,4.451725987,4.7424694015,0.2907434146
C=C1/C(=C\C=C2/CCC[C@]3(C)[C@@H]([C@H](C)OCCC(C)(C)O)CC[C@@H]23)C[C@@H](O)C[C@@H]1O,CC1CCCCC1CCC1CCCC2CCCC21,4.756041874,4.6067703375,4.9011671586,0.2943968211
COC(=O)C1=C(C)NC(C)=C(C(=O)O[C@H]2CCN(Cc3ccccc3)C2)[C@H]1c1cccc([N+](=O)[O-])c1,CC(CC1CCC(CC2CCCCC2)C1)C1CCCCC1C1CCCCC1,4.5108300535,4.3861864428,4.6115354234999995,0.2253489807
Cc1cc(Nc2ccccc2C(=O)O)ccc1Cl,C1CCC(CC2CCCCC2)CC1,4.5895861055000005,4.3827697293,4.8226187623,0.439849033
CC(C)(C)C(=O)OCOC(=O)C1N2C(=O)CC2S(=O)(=O)C1(C)C,CC1CC2C1CCC2(C)C,4.6392464035,4.3221433138,5.300613456,0.9784701422
CCOC(=O)Nc1ccc2c(c1)N(C(=O)CN(C)C)c1ccccc1CC2,C1CCC2CC3CCCCC3CCC2C1,4.496388513,4.1500807822,4.5852430298,0.4351622477
O=C(Nc1ccc(S(=O)(=O)N2CCOCC2)cc1)c1cc(Cl)ccc1NS(=O)(=O)c1ccc(Cl)s1,CC(CC1CCC(C(C)(C)C2CCCCC2)CC1)C1CCCCC1CC(C)(C)C1CCCC1,4.5893276645,4.4603491705,4.6423770415,0.182027871
CCN1CCN(c2cc(-c3ccc(F)cc3)c3c(n2)CCCCCC3)CC1,C1CCC(C2CC3CCCCCCC3C(C3CCCCC3)C2)CC1,4.574812529,4.4445324649,4.8494874961,0.4049550312
O=C(CCCN1CCN(c2ccc(F)cc2)CC1)NC1c2ccccc2CSc2ccccc21,CC(CCCC1CCC(C2CCCCC2)CC1)CC1C2CCCCC2CCC2CCCCC21,4.5365478669999995,4.2793137882,4.6497953396,0.3704815514
CN1CCC(N(Cc2cccs2)c2ccccc2)CC1,C1CCC(C(CC2CCCC2)C2CCCCC2)CC1,4.6709197195000005,4.4575455867,4.756380848,0.2988352613
CC(=O)Oc1ccc(C2(c3ccc(OC(C)=O)cc3)Oc3ccccc3NC2=O)cc1,CC1CC2CCCCC2CC1(C1CCCCC1)C1CCCCC1,4.567843391,4.3889623799,5.480330506,1.0913681261
CCOP(=O)(CC)Oc1ccc([N+](=O)[O-])cc1,C1CCCCC1,4.5147595755,4.1337393005,4.7272044962,0.5934651957
O=C1NC2CCCCN2C12CCN(CCCN1c3ccccc3CCc3ccc(Cl)cc31)CC2,CC1CC2CCCCC2C12CCC(CCCC1C3CCCCC3CCC3CCCCC31)CC2,4.495641524,4.4408094465,4.7385491442,0.2977396977
CC(C(O)c1ccccc1)N(C)CCOC(c1ccccc1)c1ccccc1,C(CCCC(C1CCCCC1)C1CCCCC1)CCC1CCCCC1,4.654221118,4.4707271086,4.9036304084,0.4329032998
C=CC[C@]1(O)CC[C@H]2[C@@H]3CCC4=CC(=O)CCC4=C3C=C[C@@]21C,CC1CCC2C(CCC3C4CCCC4CCC23)C1,4.584282053,4.3931006078,4.7173195496,0.3242189418
CO[C@]12CC[C@@]3(C[C@@H]1[C@](C)(O)C(C)(C)C)[C@H]1Cc4ccc(O)c5c4[C@@]3(CCN1CC1CC1)[C@H]2O5,C1CC2CC3C(CC4CC4)CCC45C(CC(C1)C24)C1CCC35CC1,4.5582819135,4.329666567,4.6914192471,0.3617526801
CC(CC(C#N)(c1ccccc1)c1ccccc1)N(C)C,C1CCC(CC2CCCCC2)CC1,4.6186194920000005,4.3752793754,4.9525091917,0.5772298163
CC[C@H](O)C(C[C@H](C)N(C)C)(c1ccccc1)c1ccccc1,C1CCC(CC2CCCCC2)CC1,4.3551712745,4.181555231,4.68854649,0.506991259
CCC(=O)N(c1ccccc1)[C@H]1CCN(CCc2ccccc2)C[C@@H]1C,C1CCC(CCC2CCC(CC3CCCCC3)CC2)CC1,4.386655731,4.1418543074,4.561387627,0.4195333196
O=C(NOCC1CC1)c1ccc(F)c(F)c1Nc1ccc(I)cc1Cl,CC(CCCC1CC1)C1CCCCC1CC1CCCCC1,4.6736265555,4.6077546086000005,4.7556134127,0.1478588041
Cc1ccc(-n2nc(C(C)(C)C)cc2NC(=O)Nc2ccc(OCCN3CCOCC3)c3ccccc23)cc1,CC(CC1CCCC1C1CCCCC1)CC1CCC(CCCC2CCCCC2)C2CCCCC12,4.703871067,4.2848620602,4.8211913421000006,0.5363292819
Cc1cc(-n2c(=O)[nH]c(=O)n(C)c2=O)ccc1Oc1ccc(S(=O)(=O)C(F)(F)F)cc1,CC1CC(C)C(C2CCC(CC3CCCCC3)CC2)C(C)C1,4.6596620645,4.5368549051,4.8328267296,0.2959718245
CN1CC[C@H](c2c(O)cc(O)c3c(=O)cc(-c4ccccc4Cl)oc23)[C@H](O)C1,CC1CC(C2CCCCC2)CC2C1CCCC2C1CCCCC1,6.588091191,6.5535586966,6.9641208458,0.4105621493
CN1CCN(CCCN2c3ccccc3Sc3ccc(Cl)cc32)CC1,C1CCC(CCCC2C3CCCCC3CC3CCCCC32)CC1,4.483517565,4.3231127326,4.6356181669000005,0.3125054344
Cc1ccc(Nc2c(F)cccc2Cl)c(CC(=O)O)c1,C1CCC(CC2CCCCC2)CC1,4.709913022,4.4563555277999995,5.0052882056,0.5489326778
CCCN(CCC)C(=O)Cc1c(-c2ccc(Cl)cc2)nc2ccc(Cl)cn12,C1CCC(C2CC3CCCCC3C2)CC1,4.452076276,4.4125832098,4.5507728626,0.1381896528
C[C@@H](O[C@H]1OCCN(CC2=NC(=O)N=N2)[C@H]1C1CCC(F)CC1)c1cc(C(F)(F)F)cc(C(F)(F)F)c1,CC1CCC(CC2CCCC(CCC3CCCCC3)C2C2CCCCC2)C1,4.6102305815,4.4638955049,4.7070597020000005,0.2431641971
COC(=O)C1=C(C)NC(C)=C(C(=O)O[C@@H]2CCCN(Cc3ccccc3)C2)[C@@H]1c1cccc([N+](=O)[O-])c1,CC(CC1CCCC(CC2CCCCC2)C1)C1CCCCC1C1CCCCC1,4.4520406865,4.3948409421,4.4800856093,0.0852446671
N=C(N)c1ccc(OCCCOc2ccc(C(=N)N)cc2Br)c(Br)c1,C1CCC(CCCCCC2CCCCC2)CC1,4.6715682625,4.6433562309,4.6996027068,0.0562464759
O[C@@H](CNC[C@H](O)[C@H]1CCc2cc(F)ccc2O1)[C@@H]1CCc2cc(F)ccc2O1,C(CCC1CCC2CCCCC2C1)CCC1CCC2CCCCC2C1,4.5753393325000005,4.4353057867,4.8388951647,0.4035893781
CC(C(=O)O)c1ccc(C2CCCCC2)c2ccccc12,C1CCC(C2CCCC3CCCCC32)CC1,4.6359237945,4.3997287977,5.5413309919,1.1416021941
CSc1ccc(/C=C2/C(C)=C(CC(=O)O)c3cc(F)ccc32)cc1,C1CCC(CC2CCC3CCCCC32)CC1,4.6347557145,4.523830359,4.663187946,0.139357587
CNC(=N)NC(=O)Nc1c(C)cccc1C,C1CCCCC1,4.593440853,4.5472363908,4.6166293574,0.0693929666
O=CC=C(c1ccccc1)c1ccccc1,CC(C1CCCCC1)C1CCCCC1,4.611345832,4.4825916299,4.7894220271000005,0.3068303972
CCCCCCCCCCCCn1cc[n+](C)c1,C1CCCC1,5.4178085985,5.1145150223,5.7115918784,0.5970768561
Nc1ccc2c3c(cccc13)-c1ccccc1-2,C1CCC2C(C1)C1CCCC3CCCC2C31,5.9435814465,5.8619466994,6.0061385407,0.1441918413
CCCCCCCCCCn1cc[n+](C)c1,C1CCCC1,5.6762788175,5.4702883146,5.8164801028,0.3461917882
CCCCCCn1cc[n+](C)c1,C1CCCC1,4.2838201565,4.1926112287,4.462978507,0.2703672783
CCCCCCCCCCCCn1cc[n+](C)c1,C1CCCC1,5.0372204765,4.8164110341,5.4722565252,0.6558454911
Nc1ccccc1Nc1ccccc1,C1CCC(CC2CCCCC2)CC1,4.156272241,4.1178263981,4.4409505069,0.3231241088
CC(C)=CCC1=C(O)C(=O)c2ccccc2C1=O,CC1CCC(C)C2CCCCC12,6.255133293,6.2305692719,6.2832949216,0.0527256496
O=C1CCN(c2ccccc2)N1,CC1CCC(C2CCCCC2)C1,4.36175578,4.229207956,4.540029666,0.31082171
